,NRO,AGRUPACION POLITICA,PRESIDENTE Y VICE,mesa,eleciones,circuito
0,131.0,AZA. FTE. PARA LA VICTORIA,87,1,SEGUNDA VUELTA ELECTORAL 22/11/2015,638
1,135.0,AZA. CAMBIEMOS,180,1,SEGUNDA VUELTA ELECTORAL 22/11/2015,638
2,,VOTOS NULOS,5,1,SEGUNDA VUELTA ELECTORAL 22/11/2015,638
3,,VOTOS RECURRIDOS,0,1,SEGUNDA VUELTA ELECTORAL 22/11/2015,638
4,,VOTOS EN BLANCO,1,1,SEGUNDA VUELTA ELECTORAL 22/11/2015,638
5,,VOTOS IMPUGNADOS,0,1,SEGUNDA VUELTA ELECTORAL 22/11/2015,638
6,,TOTALES,273,1,SEGUNDA VUELTA ELECTORAL 22/11/2015,638
0,131.0,AZA. FTE. PARA LA VICTORIA,97,2,SEGUNDA VUELTA ELECTORAL 22/11/2015,638
1,135.0,AZA. CAMBIEMOS,187,2,SEGUNDA VUELTA ELECTORAL 22/11/2015,638
2,,VOTOS NULOS,7,2,SEGUNDA VUELTA ELECTORAL 22/11/2015,638
3,,VOTOS RECURRIDOS,0,2,SEGUNDA VUELTA ELECTORAL 22/11/2015,638
4,,VOTOS EN BLANCO,5,2,SEGUNDA VUELTA ELECTORAL 22/11/2015,638
5,,VOTOS IMPUGNADOS,0,2,SEGUNDA VUELTA ELECTORAL 22/11/2015,638
6,,TOTALES,296,2,SEGUNDA VUELTA ELECTORAL 22/11/2015,638
0,131.0,AZA. FTE. PARA LA VICTORIA,123,3,SEGUNDA VUELTA ELECTORAL 22/11/2015,638
1,135.0,AZA. CAMBIEMOS,166,3,SEGUNDA VUELTA ELECTORAL 22/11/2015,638
2,,VOTOS NULOS,0,3,SEGUNDA VUELTA ELECTORAL 22/11/2015,638
3,,VOTOS RECURRIDOS,0,3,SEGUNDA VUELTA ELECTORAL 22/11/2015,638
4,,VOTOS EN BLANCO,6,3,SEGUNDA VUELTA ELECTORAL 22/11/2015,638
5,,VOTOS IMPUGNADOS,0,3,SEGUNDA VUELTA ELECTORAL 22/11/2015,638
6,,TOTALES,295,3,SEGUNDA VUELTA ELECTORAL 22/11/2015,638
0,131.0,AZA. FTE. PARA LA VICTORIA,121,4,SEGUNDA VUELTA ELECTORAL 22/11/2015,638
1,135.0,AZA. CAMBIEMOS,161,4,SEGUNDA VUELTA ELECTORAL 22/11/2015,638
2,,VOTOS NULOS,4,4,SEGUNDA VUELTA ELECTORAL 22/11/2015,638
3,,VOTOS RECURRIDOS,0,4,SEGUNDA VUELTA ELECTORAL 22/11/2015,638
4,,VOTOS EN BLANCO,6,4,SEGUNDA VUELTA ELECTORAL 22/11/2015,638
5,,VOTOS IMPUGNADOS,0,4,SEGUNDA VUELTA ELECTORAL 22/11/2015,638
6,,TOTALES,292,4,SEGUNDA VUELTA ELECTORAL 22/11/2015,638
0,131.0,AZA. FTE. PARA LA VICTORIA,96,5,SEGUNDA VUELTA ELECTORAL 22/11/2015,638
1,135.0,AZA. CAMBIEMOS,180,5,SEGUNDA VUELTA ELECTORAL 22/11/2015,638
2,,VOTOS NULOS,5,5,SEGUNDA VUELTA ELECTORAL 22/11/2015,638
3,,VOTOS RECURRIDOS,0,5,SEGUNDA VUELTA ELECTORAL 22/11/2015,638
4,,VOTOS EN BLANCO,5,5,SEGUNDA VUELTA ELECTORAL 22/11/2015,638
5,,VOTOS IMPUGNADOS,0,5,SEGUNDA VUELTA ELECTORAL 22/11/2015,638
6,,TOTALES,286,5,SEGUNDA VUELTA ELECTORAL 22/11/2015,638
0,131.0,AZA. FTE. PARA LA VICTORIA,76,6,SEGUNDA VUELTA ELECTORAL 22/11/2015,638
1,135.0,AZA. CAMBIEMOS,202,6,SEGUNDA VUELTA ELECTORAL 22/11/2015,638
2,,VOTOS NULOS,3,6,SEGUNDA VUELTA ELECTORAL 22/11/2015,638
3,,VOTOS RECURRIDOS,0,6,SEGUNDA VUELTA ELECTORAL 22/11/2015,638
4,,VOTOS EN BLANCO,4,6,SEGUNDA VUELTA ELECTORAL 22/11/2015,638
5,,VOTOS IMPUGNADOS,0,6,SEGUNDA VUELTA ELECTORAL 22/11/2015,638
6,,TOTALES,285,6,SEGUNDA VUELTA ELECTORAL 22/11/2015,638
0,131.0,AZA. FTE. PARA LA VICTORIA,95,7,SEGUNDA VUELTA ELECTORAL 22/11/2015,638
1,135.0,AZA. CAMBIEMOS,175,7,SEGUNDA VUELTA ELECTORAL 22/11/2015,638
2,,VOTOS NULOS,6,7,SEGUNDA VUELTA ELECTORAL 22/11/2015,638
3,,VOTOS RECURRIDOS,0,7,SEGUNDA VUELTA ELECTORAL 22/11/2015,638
4,,VOTOS EN BLANCO,1,7,SEGUNDA VUELTA ELECTORAL 22/11/2015,638
5,,VOTOS IMPUGNADOS,0,7,SEGUNDA VUELTA ELECTORAL 22/11/2015,638
6,,TOTALES,277,7,SEGUNDA VUELTA ELECTORAL 22/11/2015,638
0,131.0,AZA. FTE. PARA LA VICTORIA,97,8,SEGUNDA VUELTA ELECTORAL 22/11/2015,638
1,135.0,AZA. CAMBIEMOS,165,8,SEGUNDA VUELTA ELECTORAL 22/11/2015,638
2,,VOTOS NULOS,6,8,SEGUNDA VUELTA ELECTORAL 22/11/2015,638
3,,VOTOS RECURRIDOS,0,8,SEGUNDA VUELTA ELECTORAL 22/11/2015,638
4,,VOTOS EN BLANCO,2,8,SEGUNDA VUELTA ELECTORAL 22/11/2015,638
5,,VOTOS IMPUGNADOS,0,8,SEGUNDA VUELTA ELECTORAL 22/11/2015,638
6,,TOTALES,270,8,SEGUNDA VUELTA ELECTORAL 22/11/2015,638
0,131.0,AZA. FTE. PARA LA VICTORIA,102,9,SEGUNDA VUELTA ELECTORAL 22/11/2015,638
1,135.0,AZA. CAMBIEMOS,179,9,SEGUNDA VUELTA ELECTORAL 22/11/2015,638
2,,VOTOS NULOS,0,9,SEGUNDA VUELTA ELECTORAL 22/11/2015,638
3,,VOTOS RECURRIDOS,1,9,SEGUNDA VUELTA ELECTORAL 22/11/2015,638
4,,VOTOS EN BLANCO,3,9,SEGUNDA VUELTA ELECTORAL 22/11/2015,638
5,,VOTOS IMPUGNADOS,0,9,SEGUNDA VUELTA ELECTORAL 22/11/2015,638
6,,TOTALES,285,9,SEGUNDA VUELTA ELECTORAL 22/11/2015,638
0,131.0,AZA. FTE. PARA LA VICTORIA,96,10,SEGUNDA VUELTA ELECTORAL 22/11/2015,638
1,135.0,AZA. CAMBIEMOS,190,10,SEGUNDA VUELTA ELECTORAL 22/11/2015,638
2,,VOTOS NULOS,2,10,SEGUNDA VUELTA ELECTORAL 22/11/2015,638
3,,VOTOS RECURRIDOS,0,10,SEGUNDA VUELTA ELECTORAL 22/11/2015,638
4,,VOTOS EN BLANCO,4,10,SEGUNDA VUELTA ELECTORAL 22/11/2015,638
5,,VOTOS IMPUGNADOS,0,10,SEGUNDA VUELTA ELECTORAL 22/11/2015,638
6,,TOTALES,292,10,SEGUNDA VUELTA ELECTORAL 22/11/2015,638
0,131.0,AZA. FTE. PARA LA VICTORIA,91,11,SEGUNDA VUELTA ELECTORAL 22/11/2015,638
1,135.0,AZA. CAMBIEMOS,192,11,SEGUNDA VUELTA ELECTORAL 22/11/2015,638
2,,VOTOS NULOS,9,11,SEGUNDA VUELTA ELECTORAL 22/11/2015,638
3,,VOTOS RECURRIDOS,0,11,SEGUNDA VUELTA ELECTORAL 22/11/2015,638
4,,VOTOS EN BLANCO,2,11,SEGUNDA VUELTA ELECTORAL 22/11/2015,638
5,,VOTOS IMPUGNADOS,0,11,SEGUNDA VUELTA ELECTORAL 22/11/2015,638
6,,TOTALES,294,11,SEGUNDA VUELTA ELECTORAL 22/11/2015,638
0,131.0,AZA. FTE. PARA LA VICTORIA,102,12,SEGUNDA VUELTA ELECTORAL 22/11/2015,638
1,135.0,AZA. CAMBIEMOS,179,12,SEGUNDA VUELTA ELECTORAL 22/11/2015,638
2,,VOTOS NULOS,1,12,SEGUNDA VUELTA ELECTORAL 22/11/2015,638
3,,VOTOS RECURRIDOS,0,12,SEGUNDA VUELTA ELECTORAL 22/11/2015,638
4,,VOTOS EN BLANCO,6,12,SEGUNDA VUELTA ELECTORAL 22/11/2015,638
5,,VOTOS IMPUGNADOS,0,12,SEGUNDA VUELTA ELECTORAL 22/11/2015,638
6,,TOTALES,288,12,SEGUNDA VUELTA ELECTORAL 22/11/2015,638
0,131.0,AZA. FTE. PARA LA VICTORIA,104,13,SEGUNDA VUELTA ELECTORAL 22/11/2015,638
1,135.0,AZA. CAMBIEMOS,179,13,SEGUNDA VUELTA ELECTORAL 22/11/2015,638
2,,VOTOS NULOS,3,13,SEGUNDA VUELTA ELECTORAL 22/11/2015,638
3,,VOTOS RECURRIDOS,0,13,SEGUNDA VUELTA ELECTORAL 22/11/2015,638
4,,VOTOS EN BLANCO,3,13,SEGUNDA VUELTA ELECTORAL 22/11/2015,638
5,,VOTOS IMPUGNADOS,0,13,SEGUNDA VUELTA ELECTORAL 22/11/2015,638
6,,TOTALES,289,13,SEGUNDA VUELTA ELECTORAL 22/11/2015,638
0,131.0,AZA. FTE. PARA LA VICTORIA,91,14,SEGUNDA VUELTA ELECTORAL 22/11/2015,638
1,135.0,AZA. CAMBIEMOS,206,14,SEGUNDA VUELTA ELECTORAL 22/11/2015,638
2,,VOTOS NULOS,0,14,SEGUNDA VUELTA ELECTORAL 22/11/2015,638
3,,VOTOS RECURRIDOS,0,14,SEGUNDA VUELTA ELECTORAL 22/11/2015,638
4,,VOTOS EN BLANCO,5,14,SEGUNDA VUELTA ELECTORAL 22/11/2015,638
5,,VOTOS IMPUGNADOS,0,14,SEGUNDA VUELTA ELECTORAL 22/11/2015,638
6,,TOTALES,302,14,SEGUNDA VUELTA ELECTORAL 22/11/2015,638
0,131.0,AZA. FTE. PARA LA VICTORIA,119,15,SEGUNDA VUELTA ELECTORAL 22/11/2015,638
1,135.0,AZA. CAMBIEMOS,165,15,SEGUNDA VUELTA ELECTORAL 22/11/2015,638
2,,VOTOS NULOS,3,15,SEGUNDA VUELTA ELECTORAL 22/11/2015,638
3,,VOTOS RECURRIDOS,0,15,SEGUNDA VUELTA ELECTORAL 22/11/2015,638
4,,VOTOS EN BLANCO,3,15,SEGUNDA VUELTA ELECTORAL 22/11/2015,638
5,,VOTOS IMPUGNADOS,0,15,SEGUNDA VUELTA ELECTORAL 22/11/2015,638
6,,TOTALES,290,15,SEGUNDA VUELTA ELECTORAL 22/11/2015,638
0,131.0,AZA. FTE. PARA LA VICTORIA,78,16,SEGUNDA VUELTA ELECTORAL 22/11/2015,638
1,135.0,AZA. CAMBIEMOS,201,16,SEGUNDA VUELTA ELECTORAL 22/11/2015,638
2,,VOTOS NULOS,1,16,SEGUNDA VUELTA ELECTORAL 22/11/2015,638
3,,VOTOS RECURRIDOS,0,16,SEGUNDA VUELTA ELECTORAL 22/11/2015,638
4,,VOTOS EN BLANCO,3,16,SEGUNDA VUELTA ELECTORAL 22/11/2015,638
5,,VOTOS IMPUGNADOS,0,16,SEGUNDA VUELTA ELECTORAL 22/11/2015,638
6,,TOTALES,283,16,SEGUNDA VUELTA ELECTORAL 22/11/2015,638
0,131.0,AZA. FTE. PARA LA VICTORIA,97,17,SEGUNDA VUELTA ELECTORAL 22/11/2015,638
1,135.0,AZA. CAMBIEMOS,186,17,SEGUNDA VUELTA ELECTORAL 22/11/2015,638
2,,VOTOS NULOS,2,17,SEGUNDA VUELTA ELECTORAL 22/11/2015,638
3,,VOTOS RECURRIDOS,0,17,SEGUNDA VUELTA ELECTORAL 22/11/2015,638
4,,VOTOS EN BLANCO,3,17,SEGUNDA VUELTA ELECTORAL 22/11/2015,638
5,,VOTOS IMPUGNADOS,0,17,SEGUNDA VUELTA ELECTORAL 22/11/2015,638
6,,TOTALES,288,17,SEGUNDA VUELTA ELECTORAL 22/11/2015,638
0,131.0,AZA. FTE. PARA LA VICTORIA,104,18,SEGUNDA VUELTA ELECTORAL 22/11/2015,638
1,135.0,AZA. CAMBIEMOS,180,18,SEGUNDA VUELTA ELECTORAL 22/11/2015,638
2,,VOTOS NULOS,0,18,SEGUNDA VUELTA ELECTORAL 22/11/2015,638
3,,VOTOS RECURRIDOS,0,18,SEGUNDA VUELTA ELECTORAL 22/11/2015,638
4,,VOTOS EN BLANCO,5,18,SEGUNDA VUELTA ELECTORAL 22/11/2015,638
5,,VOTOS IMPUGNADOS,0,18,SEGUNDA VUELTA ELECTORAL 22/11/2015,638
6,,TOTALES,289,18,SEGUNDA VUELTA ELECTORAL 22/11/2015,638
0,131.0,AZA. FTE. PARA LA VICTORIA,91,19,SEGUNDA VUELTA ELECTORAL 22/11/2015,638
1,135.0,AZA. CAMBIEMOS,182,19,SEGUNDA VUELTA ELECTORAL 22/11/2015,638
2,,VOTOS NULOS,11,19,SEGUNDA VUELTA ELECTORAL 22/11/2015,638
3,,VOTOS RECURRIDOS,0,19,SEGUNDA VUELTA ELECTORAL 22/11/2015,638
4,,VOTOS EN BLANCO,0,19,SEGUNDA VUELTA ELECTORAL 22/11/2015,638
5,,VOTOS IMPUGNADOS,0,19,SEGUNDA VUELTA ELECTORAL 22/11/2015,638
6,,TOTALES,284,19,SEGUNDA VUELTA ELECTORAL 22/11/2015,638
0,131.0,AZA. FTE. PARA LA VICTORIA,97,20,SEGUNDA VUELTA ELECTORAL 22/11/2015,638
1,135.0,AZA. CAMBIEMOS,191,20,SEGUNDA VUELTA ELECTORAL 22/11/2015,638
2,,VOTOS NULOS,3,20,SEGUNDA VUELTA ELECTORAL 22/11/2015,638
3,,VOTOS RECURRIDOS,0,20,SEGUNDA VUELTA ELECTORAL 22/11/2015,638
4,,VOTOS EN BLANCO,3,20,SEGUNDA VUELTA ELECTORAL 22/11/2015,638
5,,VOTOS IMPUGNADOS,0,20,SEGUNDA VUELTA ELECTORAL 22/11/2015,638
6,,TOTALES,294,20,SEGUNDA VUELTA ELECTORAL 22/11/2015,638
0,131.0,AZA. FTE. PARA LA VICTORIA,107,21,SEGUNDA VUELTA ELECTORAL 22/11/2015,638
1,135.0,AZA. CAMBIEMOS,186,21,SEGUNDA VUELTA ELECTORAL 22/11/2015,638
2,,VOTOS NULOS,0,21,SEGUNDA VUELTA ELECTORAL 22/11/2015,638
3,,VOTOS RECURRIDOS,0,21,SEGUNDA VUELTA ELECTORAL 22/11/2015,638
4,,VOTOS EN BLANCO,4,21,SEGUNDA VUELTA ELECTORAL 22/11/2015,638
5,,VOTOS IMPUGNADOS,0,21,SEGUNDA VUELTA ELECTORAL 22/11/2015,638
6,,TOTALES,297,21,SEGUNDA VUELTA ELECTORAL 22/11/2015,638
0,131.0,AZA. FTE. PARA LA VICTORIA,120,22,SEGUNDA VUELTA ELECTORAL 22/11/2015,638
1,135.0,AZA. CAMBIEMOS,180,22,SEGUNDA VUELTA ELECTORAL 22/11/2015,638
2,,VOTOS NULOS,2,22,SEGUNDA VUELTA ELECTORAL 22/11/2015,638
3,,VOTOS RECURRIDOS,0,22,SEGUNDA VUELTA ELECTORAL 22/11/2015,638
4,,VOTOS EN BLANCO,1,22,SEGUNDA VUELTA ELECTORAL 22/11/2015,638
5,,VOTOS IMPUGNADOS,0,22,SEGUNDA VUELTA ELECTORAL 22/11/2015,638
6,,TOTALES,303,22,SEGUNDA VUELTA ELECTORAL 22/11/2015,638
0,131.0,AZA. FTE. PARA LA VICTORIA,97,23,SEGUNDA VUELTA ELECTORAL 22/11/2015,638
1,135.0,AZA. CAMBIEMOS,193,23,SEGUNDA VUELTA ELECTORAL 22/11/2015,638
2,,VOTOS NULOS,5,23,SEGUNDA VUELTA ELECTORAL 22/11/2015,638
3,,VOTOS RECURRIDOS,0,23,SEGUNDA VUELTA ELECTORAL 22/11/2015,638
4,,VOTOS EN BLANCO,4,23,SEGUNDA VUELTA ELECTORAL 22/11/2015,638
5,,VOTOS IMPUGNADOS,0,23,SEGUNDA VUELTA ELECTORAL 22/11/2015,638
6,,TOTALES,299,23,SEGUNDA VUELTA ELECTORAL 22/11/2015,638
0,131.0,AZA. FTE. PARA LA VICTORIA,102,24,SEGUNDA VUELTA ELECTORAL 22/11/2015,638
1,135.0,AZA. CAMBIEMOS,177,24,SEGUNDA VUELTA ELECTORAL 22/11/2015,638
2,,VOTOS NULOS,2,24,SEGUNDA VUELTA ELECTORAL 22/11/2015,638
3,,VOTOS RECURRIDOS,0,24,SEGUNDA VUELTA ELECTORAL 22/11/2015,638
4,,VOTOS EN BLANCO,4,24,SEGUNDA VUELTA ELECTORAL 22/11/2015,638
5,,VOTOS IMPUGNADOS,0,24,SEGUNDA VUELTA ELECTORAL 22/11/2015,638
6,,TOTALES,285,24,SEGUNDA VUELTA ELECTORAL 22/11/2015,638
0,131.0,AZA. FTE. PARA LA VICTORIA,97,25,SEGUNDA VUELTA ELECTORAL 22/11/2015,638
1,135.0,AZA. CAMBIEMOS,177,25,SEGUNDA VUELTA ELECTORAL 22/11/2015,638
2,,VOTOS NULOS,4,25,SEGUNDA VUELTA ELECTORAL 22/11/2015,638
3,,VOTOS RECURRIDOS,0,25,SEGUNDA VUELTA ELECTORAL 22/11/2015,638
4,,VOTOS EN BLANCO,8,25,SEGUNDA VUELTA ELECTORAL 22/11/2015,638
5,,VOTOS IMPUGNADOS,0,25,SEGUNDA VUELTA ELECTORAL 22/11/2015,638
6,,TOTALES,286,25,SEGUNDA VUELTA ELECTORAL 22/11/2015,638
0,131.0,AZA. FTE. PARA LA VICTORIA,92,26,SEGUNDA VUELTA ELECTORAL 22/11/2015,638
1,135.0,AZA. CAMBIEMOS,186,26,SEGUNDA VUELTA ELECTORAL 22/11/2015,638
2,,VOTOS NULOS,1,26,SEGUNDA VUELTA ELECTORAL 22/11/2015,638
3,,VOTOS RECURRIDOS,0,26,SEGUNDA VUELTA ELECTORAL 22/11/2015,638
4,,VOTOS EN BLANCO,7,26,SEGUNDA VUELTA ELECTORAL 22/11/2015,638
5,,VOTOS IMPUGNADOS,0,26,SEGUNDA VUELTA ELECTORAL 22/11/2015,638
6,,TOTALES,286,26,SEGUNDA VUELTA ELECTORAL 22/11/2015,638
0,131.0,AZA. FTE. PARA LA VICTORIA,98,27,SEGUNDA VUELTA ELECTORAL 22/11/2015,638
1,135.0,AZA. CAMBIEMOS,193,27,SEGUNDA VUELTA ELECTORAL 22/11/2015,638
2,,VOTOS NULOS,4,27,SEGUNDA VUELTA ELECTORAL 22/11/2015,638
3,,VOTOS RECURRIDOS,0,27,SEGUNDA VUELTA ELECTORAL 22/11/2015,638
4,,VOTOS EN BLANCO,3,27,SEGUNDA VUELTA ELECTORAL 22/11/2015,638
5,,VOTOS IMPUGNADOS,0,27,SEGUNDA VUELTA ELECTORAL 22/11/2015,638
6,,TOTALES,298,27,SEGUNDA VUELTA ELECTORAL 22/11/2015,638
0,131.0,AZA. FTE. PARA LA VICTORIA,121,28,SEGUNDA VUELTA ELECTORAL 22/11/2015,638
1,135.0,AZA. CAMBIEMOS,169,28,SEGUNDA VUELTA ELECTORAL 22/11/2015,638
2,,VOTOS NULOS,5,28,SEGUNDA VUELTA ELECTORAL 22/11/2015,638
3,,VOTOS RECURRIDOS,0,28,SEGUNDA VUELTA ELECTORAL 22/11/2015,638
4,,VOTOS EN BLANCO,0,28,SEGUNDA VUELTA ELECTORAL 22/11/2015,638
5,,VOTOS IMPUGNADOS,0,28,SEGUNDA VUELTA ELECTORAL 22/11/2015,638
6,,TOTALES,295,28,SEGUNDA VUELTA ELECTORAL 22/11/2015,638
0,131.0,AZA. FTE. PARA LA VICTORIA,87,29,SEGUNDA VUELTA ELECTORAL 22/11/2015,638
1,135.0,AZA. CAMBIEMOS,196,29,SEGUNDA VUELTA ELECTORAL 22/11/2015,638
2,,VOTOS NULOS,3,29,SEGUNDA VUELTA ELECTORAL 22/11/2015,638
3,,VOTOS RECURRIDOS,0,29,SEGUNDA VUELTA ELECTORAL 22/11/2015,638
4,,VOTOS EN BLANCO,3,29,SEGUNDA VUELTA ELECTORAL 22/11/2015,638
5,,VOTOS IMPUGNADOS,0,29,SEGUNDA VUELTA ELECTORAL 22/11/2015,638
6,,TOTALES,289,29,SEGUNDA VUELTA ELECTORAL 22/11/2015,638
0,131.0,AZA. FTE. PARA LA VICTORIA,87,30,SEGUNDA VUELTA ELECTORAL 22/11/2015,638
1,135.0,AZA. CAMBIEMOS,196,30,SEGUNDA VUELTA ELECTORAL 22/11/2015,638
2,,VOTOS NULOS,5,30,SEGUNDA VUELTA ELECTORAL 22/11/2015,638
3,,VOTOS RECURRIDOS,0,30,SEGUNDA VUELTA ELECTORAL 22/11/2015,638
4,,VOTOS EN BLANCO,2,30,SEGUNDA VUELTA ELECTORAL 22/11/2015,638
5,,VOTOS IMPUGNADOS,0,30,SEGUNDA VUELTA ELECTORAL 22/11/2015,638
6,,TOTALES,290,30,SEGUNDA VUELTA ELECTORAL 22/11/2015,638
0,131.0,AZA. FTE. PARA LA VICTORIA,101,31,SEGUNDA VUELTA ELECTORAL 22/11/2015,638
1,135.0,AZA. CAMBIEMOS,181,31,SEGUNDA VUELTA ELECTORAL 22/11/2015,638
2,,VOTOS NULOS,5,31,SEGUNDA VUELTA ELECTORAL 22/11/2015,638
3,,VOTOS RECURRIDOS,0,31,SEGUNDA VUELTA ELECTORAL 22/11/2015,638
4,,VOTOS EN BLANCO,4,31,SEGUNDA VUELTA ELECTORAL 22/11/2015,638
5,,VOTOS IMPUGNADOS,0,31,SEGUNDA VUELTA ELECTORAL 22/11/2015,638
6,,TOTALES,291,31,SEGUNDA VUELTA ELECTORAL 22/11/2015,638
0,131.0,AZA. FTE. PARA LA VICTORIA,106,32,SEGUNDA VUELTA ELECTORAL 22/11/2015,638
1,135.0,AZA. CAMBIEMOS,161,32,SEGUNDA VUELTA ELECTORAL 22/11/2015,638
2,,VOTOS NULOS,2,32,SEGUNDA VUELTA ELECTORAL 22/11/2015,638
3,,VOTOS RECURRIDOS,1,32,SEGUNDA VUELTA ELECTORAL 22/11/2015,638
4,,VOTOS EN BLANCO,6,32,SEGUNDA VUELTA ELECTORAL 22/11/2015,638
5,,VOTOS IMPUGNADOS,0,32,SEGUNDA VUELTA ELECTORAL 22/11/2015,638
6,,TOTALES,276,32,SEGUNDA VUELTA ELECTORAL 22/11/2015,638
0,131.0,AZA. FTE. PARA LA VICTORIA,89,33,SEGUNDA VUELTA ELECTORAL 22/11/2015,638
1,135.0,AZA. CAMBIEMOS,197,33,SEGUNDA VUELTA ELECTORAL 22/11/2015,638
2,,VOTOS NULOS,3,33,SEGUNDA VUELTA ELECTORAL 22/11/2015,638
3,,VOTOS RECURRIDOS,0,33,SEGUNDA VUELTA ELECTORAL 22/11/2015,638
4,,VOTOS EN BLANCO,2,33,SEGUNDA VUELTA ELECTORAL 22/11/2015,638
5,,VOTOS IMPUGNADOS,0,33,SEGUNDA VUELTA ELECTORAL 22/11/2015,638
6,,TOTALES,291,33,SEGUNDA VUELTA ELECTORAL 22/11/2015,638
0,131.0,AZA. FTE. PARA LA VICTORIA,105,34,SEGUNDA VUELTA ELECTORAL 22/11/2015,638
1,135.0,AZA. CAMBIEMOS,170,34,SEGUNDA VUELTA ELECTORAL 22/11/2015,638
2,,VOTOS NULOS,2,34,SEGUNDA VUELTA ELECTORAL 22/11/2015,638
3,,VOTOS RECURRIDOS,0,34,SEGUNDA VUELTA ELECTORAL 22/11/2015,638
4,,VOTOS EN BLANCO,2,34,SEGUNDA VUELTA ELECTORAL 22/11/2015,638
5,,VOTOS IMPUGNADOS,0,34,SEGUNDA VUELTA ELECTORAL 22/11/2015,638
6,,TOTALES,279,34,SEGUNDA VUELTA ELECTORAL 22/11/2015,638
0,131.0,AZA. FTE. PARA LA VICTORIA,83,35,SEGUNDA VUELTA ELECTORAL 22/11/2015,638
1,135.0,AZA. CAMBIEMOS,202,35,SEGUNDA VUELTA ELECTORAL 22/11/2015,638
2,,VOTOS NULOS,3,35,SEGUNDA VUELTA ELECTORAL 22/11/2015,638
3,,VOTOS RECURRIDOS,0,35,SEGUNDA VUELTA ELECTORAL 22/11/2015,638
4,,VOTOS EN BLANCO,4,35,SEGUNDA VUELTA ELECTORAL 22/11/2015,638
5,,VOTOS IMPUGNADOS,0,35,SEGUNDA VUELTA ELECTORAL 22/11/2015,638
6,,TOTALES,292,35,SEGUNDA VUELTA ELECTORAL 22/11/2015,638
0,131.0,AZA. FTE. PARA LA VICTORIA,87,36,SEGUNDA VUELTA ELECTORAL 22/11/2015,638
1,135.0,AZA. CAMBIEMOS,187,36,SEGUNDA VUELTA ELECTORAL 22/11/2015,638
2,,VOTOS NULOS,11,36,SEGUNDA VUELTA ELECTORAL 22/11/2015,638
3,,VOTOS RECURRIDOS,0,36,SEGUNDA VUELTA ELECTORAL 22/11/2015,638
4,,VOTOS EN BLANCO,6,36,SEGUNDA VUELTA ELECTORAL 22/11/2015,638
5,,VOTOS IMPUGNADOS,0,36,SEGUNDA VUELTA ELECTORAL 22/11/2015,638
6,,TOTALES,291,36,SEGUNDA VUELTA ELECTORAL 22/11/2015,638
0,131.0,AZA. FTE. PARA LA VICTORIA,92,37,SEGUNDA VUELTA ELECTORAL 22/11/2015,638
1,135.0,AZA. CAMBIEMOS,192,37,SEGUNDA VUELTA ELECTORAL 22/11/2015,638
2,,VOTOS NULOS,7,37,SEGUNDA VUELTA ELECTORAL 22/11/2015,638
3,,VOTOS RECURRIDOS,0,37,SEGUNDA VUELTA ELECTORAL 22/11/2015,638
4,,VOTOS EN BLANCO,7,37,SEGUNDA VUELTA ELECTORAL 22/11/2015,638
5,,VOTOS IMPUGNADOS,0,37,SEGUNDA VUELTA ELECTORAL 22/11/2015,638
6,,TOTALES,298,37,SEGUNDA VUELTA ELECTORAL 22/11/2015,638
0,131.0,AZA. FTE. PARA LA VICTORIA,123,38,SEGUNDA VUELTA ELECTORAL 22/11/2015,638
1,135.0,AZA. CAMBIEMOS,146,38,SEGUNDA VUELTA ELECTORAL 22/11/2015,638
2,,VOTOS NULOS,0,38,SEGUNDA VUELTA ELECTORAL 22/11/2015,638
3,,VOTOS RECURRIDOS,0,38,SEGUNDA VUELTA ELECTORAL 22/11/2015,638
4,,VOTOS EN BLANCO,4,38,SEGUNDA VUELTA ELECTORAL 22/11/2015,638
5,,VOTOS IMPUGNADOS,0,38,SEGUNDA VUELTA ELECTORAL 22/11/2015,638
6,,TOTALES,273,38,SEGUNDA VUELTA ELECTORAL 22/11/2015,638
0,131.0,AZA. FTE. PARA LA VICTORIA,91,39,SEGUNDA VUELTA ELECTORAL 22/11/2015,638
1,135.0,AZA. CAMBIEMOS,186,39,SEGUNDA VUELTA ELECTORAL 22/11/2015,638
2,,VOTOS NULOS,0,39,SEGUNDA VUELTA ELECTORAL 22/11/2015,638
3,,VOTOS RECURRIDOS,0,39,SEGUNDA VUELTA ELECTORAL 22/11/2015,638
4,,VOTOS EN BLANCO,12,39,SEGUNDA VUELTA ELECTORAL 22/11/2015,638
5,,VOTOS IMPUGNADOS,0,39,SEGUNDA VUELTA ELECTORAL 22/11/2015,638
6,,TOTALES,289,39,SEGUNDA VUELTA ELECTORAL 22/11/2015,638
0,131.0,AZA. FTE. PARA LA VICTORIA,111,40,SEGUNDA VUELTA ELECTORAL 22/11/2015,638
1,135.0,AZA. CAMBIEMOS,171,40,SEGUNDA VUELTA ELECTORAL 22/11/2015,638
2,,VOTOS NULOS,6,40,SEGUNDA VUELTA ELECTORAL 22/11/2015,638
3,,VOTOS RECURRIDOS,0,40,SEGUNDA VUELTA ELECTORAL 22/11/2015,638
4,,VOTOS EN BLANCO,4,40,SEGUNDA VUELTA ELECTORAL 22/11/2015,638
5,,VOTOS IMPUGNADOS,0,40,SEGUNDA VUELTA ELECTORAL 22/11/2015,638
6,,TOTALES,292,40,SEGUNDA VUELTA ELECTORAL 22/11/2015,638
0,131.0,AZA. FTE. PARA LA VICTORIA,101,41,SEGUNDA VUELTA ELECTORAL 22/11/2015,638
1,135.0,AZA. CAMBIEMOS,180,41,SEGUNDA VUELTA ELECTORAL 22/11/2015,638
2,,VOTOS NULOS,1,41,SEGUNDA VUELTA ELECTORAL 22/11/2015,638
3,,VOTOS RECURRIDOS,0,41,SEGUNDA VUELTA ELECTORAL 22/11/2015,638
4,,VOTOS EN BLANCO,2,41,SEGUNDA VUELTA ELECTORAL 22/11/2015,638
5,,VOTOS IMPUGNADOS,0,41,SEGUNDA VUELTA ELECTORAL 22/11/2015,638
6,,TOTALES,284,41,SEGUNDA VUELTA ELECTORAL 22/11/2015,638
0,131.0,AZA. FTE. PARA LA VICTORIA,108,42,SEGUNDA VUELTA ELECTORAL 22/11/2015,638
1,135.0,AZA. CAMBIEMOS,172,42,SEGUNDA VUELTA ELECTORAL 22/11/2015,638
2,,VOTOS NULOS,2,42,SEGUNDA VUELTA ELECTORAL 22/11/2015,638
3,,VOTOS RECURRIDOS,0,42,SEGUNDA VUELTA ELECTORAL 22/11/2015,638
4,,VOTOS EN BLANCO,5,42,SEGUNDA VUELTA ELECTORAL 22/11/2015,638
5,,VOTOS IMPUGNADOS,0,42,SEGUNDA VUELTA ELECTORAL 22/11/2015,638
6,,TOTALES,287,42,SEGUNDA VUELTA ELECTORAL 22/11/2015,638
0,131.0,AZA. FTE. PARA LA VICTORIA,89,43,SEGUNDA VUELTA ELECTORAL 22/11/2015,638
1,135.0,AZA. CAMBIEMOS,193,43,SEGUNDA VUELTA ELECTORAL 22/11/2015,638
2,,VOTOS NULOS,2,43,SEGUNDA VUELTA ELECTORAL 22/11/2015,638
3,,VOTOS RECURRIDOS,0,43,SEGUNDA VUELTA ELECTORAL 22/11/2015,638
4,,VOTOS EN BLANCO,4,43,SEGUNDA VUELTA ELECTORAL 22/11/2015,638
5,,VOTOS IMPUGNADOS,0,43,SEGUNDA VUELTA ELECTORAL 22/11/2015,638
6,,TOTALES,288,43,SEGUNDA VUELTA ELECTORAL 22/11/2015,638
0,131.0,AZA. FTE. PARA LA VICTORIA,99,44,SEGUNDA VUELTA ELECTORAL 22/11/2015,638
1,135.0,AZA. CAMBIEMOS,186,44,SEGUNDA VUELTA ELECTORAL 22/11/2015,638
2,,VOTOS NULOS,8,44,SEGUNDA VUELTA ELECTORAL 22/11/2015,638
3,,VOTOS RECURRIDOS,0,44,SEGUNDA VUELTA ELECTORAL 22/11/2015,638
4,,VOTOS EN BLANCO,4,44,SEGUNDA VUELTA ELECTORAL 22/11/2015,638
5,,VOTOS IMPUGNADOS,0,44,SEGUNDA VUELTA ELECTORAL 22/11/2015,638
6,,TOTALES,297,44,SEGUNDA VUELTA ELECTORAL 22/11/2015,638
0,131.0,AZA. FTE. PARA LA VICTORIA,110,45,SEGUNDA VUELTA ELECTORAL 22/11/2015,638
1,135.0,AZA. CAMBIEMOS,159,45,SEGUNDA VUELTA ELECTORAL 22/11/2015,638
2,,VOTOS NULOS,4,45,SEGUNDA VUELTA ELECTORAL 22/11/2015,638
3,,VOTOS RECURRIDOS,0,45,SEGUNDA VUELTA ELECTORAL 22/11/2015,638
4,,VOTOS EN BLANCO,4,45,SEGUNDA VUELTA ELECTORAL 22/11/2015,638
5,,VOTOS IMPUGNADOS,0,45,SEGUNDA VUELTA ELECTORAL 22/11/2015,638
6,,TOTALES,277,45,SEGUNDA VUELTA ELECTORAL 22/11/2015,638
0,131.0,AZA. FTE. PARA LA VICTORIA,108,46,SEGUNDA VUELTA ELECTORAL 22/11/2015,638
1,135.0,AZA. CAMBIEMOS,157,46,SEGUNDA VUELTA ELECTORAL 22/11/2015,638
2,,VOTOS NULOS,3,46,SEGUNDA VUELTA ELECTORAL 22/11/2015,638
3,,VOTOS RECURRIDOS,0,46,SEGUNDA VUELTA ELECTORAL 22/11/2015,638
4,,VOTOS EN BLANCO,5,46,SEGUNDA VUELTA ELECTORAL 22/11/2015,638
5,,VOTOS IMPUGNADOS,0,46,SEGUNDA VUELTA ELECTORAL 22/11/2015,638
6,,TOTALES,273,46,SEGUNDA VUELTA ELECTORAL 22/11/2015,638
0,131.0,AZA. FTE. PARA LA VICTORIA,98,47,SEGUNDA VUELTA ELECTORAL 22/11/2015,638
1,135.0,AZA. CAMBIEMOS,181,47,SEGUNDA VUELTA ELECTORAL 22/11/2015,638
2,,VOTOS NULOS,6,47,SEGUNDA VUELTA ELECTORAL 22/11/2015,638
3,,VOTOS RECURRIDOS,0,47,SEGUNDA VUELTA ELECTORAL 22/11/2015,638
4,,VOTOS EN BLANCO,4,47,SEGUNDA VUELTA ELECTORAL 22/11/2015,638
5,,VOTOS IMPUGNADOS,0,47,SEGUNDA VUELTA ELECTORAL 22/11/2015,638
6,,TOTALES,289,47,SEGUNDA VUELTA ELECTORAL 22/11/2015,638
0,131.0,AZA. FTE. PARA LA VICTORIA,76,48,SEGUNDA VUELTA ELECTORAL 22/11/2015,638
1,135.0,AZA. CAMBIEMOS,218,48,SEGUNDA VUELTA ELECTORAL 22/11/2015,638
2,,VOTOS NULOS,3,48,SEGUNDA VUELTA ELECTORAL 22/11/2015,638
3,,VOTOS RECURRIDOS,4,48,SEGUNDA VUELTA ELECTORAL 22/11/2015,638
4,,VOTOS EN BLANCO,0,48,SEGUNDA VUELTA ELECTORAL 22/11/2015,638
5,,VOTOS IMPUGNADOS,0,48,SEGUNDA VUELTA ELECTORAL 22/11/2015,638
6,,TOTALES,301,48,SEGUNDA VUELTA ELECTORAL 22/11/2015,638
0,131.0,AZA. FTE. PARA LA VICTORIA,116,49,SEGUNDA VUELTA ELECTORAL 22/11/2015,638
1,135.0,AZA. CAMBIEMOS,161,49,SEGUNDA VUELTA ELECTORAL 22/11/2015,638
2,,VOTOS NULOS,6,49,SEGUNDA VUELTA ELECTORAL 22/11/2015,638
3,,VOTOS RECURRIDOS,0,49,SEGUNDA VUELTA ELECTORAL 22/11/2015,638
4,,VOTOS EN BLANCO,4,49,SEGUNDA VUELTA ELECTORAL 22/11/2015,638
5,,VOTOS IMPUGNADOS,0,49,SEGUNDA VUELTA ELECTORAL 22/11/2015,638
6,,TOTALES,287,49,SEGUNDA VUELTA ELECTORAL 22/11/2015,638
0,131.0,AZA. FTE. PARA LA VICTORIA,108,50,SEGUNDA VUELTA ELECTORAL 22/11/2015,638
1,135.0,AZA. CAMBIEMOS,183,50,SEGUNDA VUELTA ELECTORAL 22/11/2015,638
2,,VOTOS NULOS,5,50,SEGUNDA VUELTA ELECTORAL 22/11/2015,638
3,,VOTOS RECURRIDOS,0,50,SEGUNDA VUELTA ELECTORAL 22/11/2015,638
4,,VOTOS EN BLANCO,1,50,SEGUNDA VUELTA ELECTORAL 22/11/2015,638
5,,VOTOS IMPUGNADOS,0,50,SEGUNDA VUELTA ELECTORAL 22/11/2015,638
6,,TOTALES,297,50,SEGUNDA VUELTA ELECTORAL 22/11/2015,638
0,131.0,AZA. FTE. PARA LA VICTORIA,103,51,SEGUNDA VUELTA ELECTORAL 22/11/2015,638
1,135.0,AZA. CAMBIEMOS,174,51,SEGUNDA VUELTA ELECTORAL 22/11/2015,638
2,,VOTOS NULOS,2,51,SEGUNDA VUELTA ELECTORAL 22/11/2015,638
3,,VOTOS RECURRIDOS,0,51,SEGUNDA VUELTA ELECTORAL 22/11/2015,638
4,,VOTOS EN BLANCO,0,51,SEGUNDA VUELTA ELECTORAL 22/11/2015,638
5,,VOTOS IMPUGNADOS,0,51,SEGUNDA VUELTA ELECTORAL 22/11/2015,638
6,,TOTALES,279,51,SEGUNDA VUELTA ELECTORAL 22/11/2015,638
0,131.0,AZA. FTE. PARA LA VICTORIA,93,52,SEGUNDA VUELTA ELECTORAL 22/11/2015,638
1,135.0,AZA. CAMBIEMOS,188,52,SEGUNDA VUELTA ELECTORAL 22/11/2015,638
2,,VOTOS NULOS,5,52,SEGUNDA VUELTA ELECTORAL 22/11/2015,638
3,,VOTOS RECURRIDOS,0,52,SEGUNDA VUELTA ELECTORAL 22/11/2015,638
4,,VOTOS EN BLANCO,4,52,SEGUNDA VUELTA ELECTORAL 22/11/2015,638
5,,VOTOS IMPUGNADOS,0,52,SEGUNDA VUELTA ELECTORAL 22/11/2015,638
6,,TOTALES,290,52,SEGUNDA VUELTA ELECTORAL 22/11/2015,638
0,131.0,AZA. FTE. PARA LA VICTORIA,99,53,SEGUNDA VUELTA ELECTORAL 22/11/2015,638
1,135.0,AZA. CAMBIEMOS,176,53,SEGUNDA VUELTA ELECTORAL 22/11/2015,638
2,,VOTOS NULOS,5,53,SEGUNDA VUELTA ELECTORAL 22/11/2015,638
3,,VOTOS RECURRIDOS,0,53,SEGUNDA VUELTA ELECTORAL 22/11/2015,638
4,,VOTOS EN BLANCO,1,53,SEGUNDA VUELTA ELECTORAL 22/11/2015,638
5,,VOTOS IMPUGNADOS,0,53,SEGUNDA VUELTA ELECTORAL 22/11/2015,638
6,,TOTALES,281,53,SEGUNDA VUELTA ELECTORAL 22/11/2015,638
0,131.0,AZA. FTE. PARA LA VICTORIA,93,54,SEGUNDA VUELTA ELECTORAL 22/11/2015,638
1,135.0,AZA. CAMBIEMOS,192,54,SEGUNDA VUELTA ELECTORAL 22/11/2015,638
2,,VOTOS NULOS,4,54,SEGUNDA VUELTA ELECTORAL 22/11/2015,638
3,,VOTOS RECURRIDOS,0,54,SEGUNDA VUELTA ELECTORAL 22/11/2015,638
4,,VOTOS EN BLANCO,2,54,SEGUNDA VUELTA ELECTORAL 22/11/2015,638
5,,VOTOS IMPUGNADOS,0,54,SEGUNDA VUELTA ELECTORAL 22/11/2015,638
6,,TOTALES,291,54,SEGUNDA VUELTA ELECTORAL 22/11/2015,638
0,131.0,AZA. FTE. PARA LA VICTORIA,90,55,SEGUNDA VUELTA ELECTORAL 22/11/2015,638
1,135.0,AZA. CAMBIEMOS,198,55,SEGUNDA VUELTA ELECTORAL 22/11/2015,638
2,,VOTOS NULOS,3,55,SEGUNDA VUELTA ELECTORAL 22/11/2015,638
3,,VOTOS RECURRIDOS,0,55,SEGUNDA VUELTA ELECTORAL 22/11/2015,638
4,,VOTOS EN BLANCO,4,55,SEGUNDA VUELTA ELECTORAL 22/11/2015,638
5,,VOTOS IMPUGNADOS,0,55,SEGUNDA VUELTA ELECTORAL 22/11/2015,638
6,,TOTALES,295,55,SEGUNDA VUELTA ELECTORAL 22/11/2015,638
0,131.0,AZA. FTE. PARA LA VICTORIA,123,56,SEGUNDA VUELTA ELECTORAL 22/11/2015,638
1,135.0,AZA. CAMBIEMOS,149,56,SEGUNDA VUELTA ELECTORAL 22/11/2015,638
2,,VOTOS NULOS,2,56,SEGUNDA VUELTA ELECTORAL 22/11/2015,638
3,,VOTOS RECURRIDOS,0,56,SEGUNDA VUELTA ELECTORAL 22/11/2015,638
4,,VOTOS EN BLANCO,1,56,SEGUNDA VUELTA ELECTORAL 22/11/2015,638
5,,VOTOS IMPUGNADOS,0,56,SEGUNDA VUELTA ELECTORAL 22/11/2015,638
6,,TOTALES,275,56,SEGUNDA VUELTA ELECTORAL 22/11/2015,638
0,131.0,AZA. FTE. PARA LA VICTORIA,101,57,SEGUNDA VUELTA ELECTORAL 22/11/2015,638
1,135.0,AZA. CAMBIEMOS,175,57,SEGUNDA VUELTA ELECTORAL 22/11/2015,638
2,,VOTOS NULOS,3,57,SEGUNDA VUELTA ELECTORAL 22/11/2015,638
3,,VOTOS RECURRIDOS,0,57,SEGUNDA VUELTA ELECTORAL 22/11/2015,638
4,,VOTOS EN BLANCO,3,57,SEGUNDA VUELTA ELECTORAL 22/11/2015,638
5,,VOTOS IMPUGNADOS,0,57,SEGUNDA VUELTA ELECTORAL 22/11/2015,638
6,,TOTALES,282,57,SEGUNDA VUELTA ELECTORAL 22/11/2015,638
0,131.0,AZA. FTE. PARA LA VICTORIA,106,58,SEGUNDA VUELTA ELECTORAL 22/11/2015,638
1,135.0,AZA. CAMBIEMOS,175,58,SEGUNDA VUELTA ELECTORAL 22/11/2015,638
2,,VOTOS NULOS,4,58,SEGUNDA VUELTA ELECTORAL 22/11/2015,638
3,,VOTOS RECURRIDOS,0,58,SEGUNDA VUELTA ELECTORAL 22/11/2015,638
4,,VOTOS EN BLANCO,4,58,SEGUNDA VUELTA ELECTORAL 22/11/2015,638
5,,VOTOS IMPUGNADOS,0,58,SEGUNDA VUELTA ELECTORAL 22/11/2015,638
6,,TOTALES,289,58,SEGUNDA VUELTA ELECTORAL 22/11/2015,638
0,131.0,AZA. FTE. PARA LA VICTORIA,86,59,SEGUNDA VUELTA ELECTORAL 22/11/2015,638
1,135.0,AZA. CAMBIEMOS,174,59,SEGUNDA VUELTA ELECTORAL 22/11/2015,638
2,,VOTOS NULOS,1,59,SEGUNDA VUELTA ELECTORAL 22/11/2015,638
3,,VOTOS RECURRIDOS,0,59,SEGUNDA VUELTA ELECTORAL 22/11/2015,638
4,,VOTOS EN BLANCO,6,59,SEGUNDA VUELTA ELECTORAL 22/11/2015,638
5,,VOTOS IMPUGNADOS,0,59,SEGUNDA VUELTA ELECTORAL 22/11/2015,638
6,,TOTALES,267,59,SEGUNDA VUELTA ELECTORAL 22/11/2015,638
0,131.0,AZA. FTE. PARA LA VICTORIA,117,60,SEGUNDA VUELTA ELECTORAL 22/11/2015,638
1,135.0,AZA. CAMBIEMOS,151,60,SEGUNDA VUELTA ELECTORAL 22/11/2015,638
2,,VOTOS NULOS,7,60,SEGUNDA VUELTA ELECTORAL 22/11/2015,638
3,,VOTOS RECURRIDOS,0,60,SEGUNDA VUELTA ELECTORAL 22/11/2015,638
4,,VOTOS EN BLANCO,3,60,SEGUNDA VUELTA ELECTORAL 22/11/2015,638
5,,VOTOS IMPUGNADOS,0,60,SEGUNDA VUELTA ELECTORAL 22/11/2015,638
6,,TOTALES,278,60,SEGUNDA VUELTA ELECTORAL 22/11/2015,638
0,131.0,AZA. FTE. PARA LA VICTORIA,93,61,SEGUNDA VUELTA ELECTORAL 22/11/2015,638
1,135.0,AZA. CAMBIEMOS,179,61,SEGUNDA VUELTA ELECTORAL 22/11/2015,638
2,,VOTOS NULOS,8,61,SEGUNDA VUELTA ELECTORAL 22/11/2015,638
3,,VOTOS RECURRIDOS,0,61,SEGUNDA VUELTA ELECTORAL 22/11/2015,638
4,,VOTOS EN BLANCO,5,61,SEGUNDA VUELTA ELECTORAL 22/11/2015,638
5,,VOTOS IMPUGNADOS,0,61,SEGUNDA VUELTA ELECTORAL 22/11/2015,638
6,,TOTALES,285,61,SEGUNDA VUELTA ELECTORAL 22/11/2015,638
0,131.0,AZA. FTE. PARA LA VICTORIA,80,62,SEGUNDA VUELTA ELECTORAL 22/11/2015,638
1,135.0,AZA. CAMBIEMOS,189,62,SEGUNDA VUELTA ELECTORAL 22/11/2015,638
2,,VOTOS NULOS,5,62,SEGUNDA VUELTA ELECTORAL 22/11/2015,638
3,,VOTOS RECURRIDOS,0,62,SEGUNDA VUELTA ELECTORAL 22/11/2015,638
4,,VOTOS EN BLANCO,2,62,SEGUNDA VUELTA ELECTORAL 22/11/2015,638
5,,VOTOS IMPUGNADOS,0,62,SEGUNDA VUELTA ELECTORAL 22/11/2015,638
6,,TOTALES,276,62,SEGUNDA VUELTA ELECTORAL 22/11/2015,638
0,131.0,AZA. FTE. PARA LA VICTORIA,107,63,SEGUNDA VUELTA ELECTORAL 22/11/2015,638
1,135.0,AZA. CAMBIEMOS,175,63,SEGUNDA VUELTA ELECTORAL 22/11/2015,638
2,,VOTOS NULOS,1,63,SEGUNDA VUELTA ELECTORAL 22/11/2015,638
3,,VOTOS RECURRIDOS,0,63,SEGUNDA VUELTA ELECTORAL 22/11/2015,638
4,,VOTOS EN BLANCO,7,63,SEGUNDA VUELTA ELECTORAL 22/11/2015,638
5,,VOTOS IMPUGNADOS,0,63,SEGUNDA VUELTA ELECTORAL 22/11/2015,638
6,,TOTALES,290,63,SEGUNDA VUELTA ELECTORAL 22/11/2015,638
0,131.0,AZA. FTE. PARA LA VICTORIA,89,64,SEGUNDA VUELTA ELECTORAL 22/11/2015,638
1,135.0,AZA. CAMBIEMOS,193,64,SEGUNDA VUELTA ELECTORAL 22/11/2015,638
2,,VOTOS NULOS,3,64,SEGUNDA VUELTA ELECTORAL 22/11/2015,638
3,,VOTOS RECURRIDOS,0,64,SEGUNDA VUELTA ELECTORAL 22/11/2015,638
4,,VOTOS EN BLANCO,1,64,SEGUNDA VUELTA ELECTORAL 22/11/2015,638
5,,VOTOS IMPUGNADOS,0,64,SEGUNDA VUELTA ELECTORAL 22/11/2015,638
6,,TOTALES,286,64,SEGUNDA VUELTA ELECTORAL 22/11/2015,638
0,131.0,AZA. FTE. PARA LA VICTORIA,84,65,SEGUNDA VUELTA ELECTORAL 22/11/2015,638
1,135.0,AZA. CAMBIEMOS,194,65,SEGUNDA VUELTA ELECTORAL 22/11/2015,638
2,,VOTOS NULOS,6,65,SEGUNDA VUELTA ELECTORAL 22/11/2015,638
3,,VOTOS RECURRIDOS,0,65,SEGUNDA VUELTA ELECTORAL 22/11/2015,638
4,,VOTOS EN BLANCO,5,65,SEGUNDA VUELTA ELECTORAL 22/11/2015,638
5,,VOTOS IMPUGNADOS,0,65,SEGUNDA VUELTA ELECTORAL 22/11/2015,638
6,,TOTALES,289,65,SEGUNDA VUELTA ELECTORAL 22/11/2015,638
0,131.0,AZA. FTE. PARA LA VICTORIA,95,66,SEGUNDA VUELTA ELECTORAL 22/11/2015,638
1,135.0,AZA. CAMBIEMOS,185,66,SEGUNDA VUELTA ELECTORAL 22/11/2015,638
2,,VOTOS NULOS,5,66,SEGUNDA VUELTA ELECTORAL 22/11/2015,638
3,,VOTOS RECURRIDOS,0,66,SEGUNDA VUELTA ELECTORAL 22/11/2015,638
4,,VOTOS EN BLANCO,4,66,SEGUNDA VUELTA ELECTORAL 22/11/2015,638
5,,VOTOS IMPUGNADOS,0,66,SEGUNDA VUELTA ELECTORAL 22/11/2015,638
6,,TOTALES,289,66,SEGUNDA VUELTA ELECTORAL 22/11/2015,638
0,131.0,AZA. FTE. PARA LA VICTORIA,114,67,SEGUNDA VUELTA ELECTORAL 22/11/2015,638
1,135.0,AZA. CAMBIEMOS,175,67,SEGUNDA VUELTA ELECTORAL 22/11/2015,638
2,,VOTOS NULOS,2,67,SEGUNDA VUELTA ELECTORAL 22/11/2015,638
3,,VOTOS RECURRIDOS,0,67,SEGUNDA VUELTA ELECTORAL 22/11/2015,638
4,,VOTOS EN BLANCO,3,67,SEGUNDA VUELTA ELECTORAL 22/11/2015,638
5,,VOTOS IMPUGNADOS,0,67,SEGUNDA VUELTA ELECTORAL 22/11/2015,638
6,,TOTALES,294,67,SEGUNDA VUELTA ELECTORAL 22/11/2015,638
0,131.0,AZA. FTE. PARA LA VICTORIA,95,68,SEGUNDA VUELTA ELECTORAL 22/11/2015,638
1,135.0,AZA. CAMBIEMOS,192,68,SEGUNDA VUELTA ELECTORAL 22/11/2015,638
2,,VOTOS NULOS,3,68,SEGUNDA VUELTA ELECTORAL 22/11/2015,638
3,,VOTOS RECURRIDOS,0,68,SEGUNDA VUELTA ELECTORAL 22/11/2015,638
4,,VOTOS EN BLANCO,2,68,SEGUNDA VUELTA ELECTORAL 22/11/2015,638
5,,VOTOS IMPUGNADOS,0,68,SEGUNDA VUELTA ELECTORAL 22/11/2015,638
6,,TOTALES,292,68,SEGUNDA VUELTA ELECTORAL 22/11/2015,638
0,131.0,AZA. FTE. PARA LA VICTORIA,100,69,SEGUNDA VUELTA ELECTORAL 22/11/2015,638
1,135.0,AZA. CAMBIEMOS,177,69,SEGUNDA VUELTA ELECTORAL 22/11/2015,638
2,,VOTOS NULOS,6,69,SEGUNDA VUELTA ELECTORAL 22/11/2015,638
3,,VOTOS RECURRIDOS,0,69,SEGUNDA VUELTA ELECTORAL 22/11/2015,638
4,,VOTOS EN BLANCO,6,69,SEGUNDA VUELTA ELECTORAL 22/11/2015,638
5,,VOTOS IMPUGNADOS,0,69,SEGUNDA VUELTA ELECTORAL 22/11/2015,638
6,,TOTALES,289,69,SEGUNDA VUELTA ELECTORAL 22/11/2015,638
0,131.0,AZA. FTE. PARA LA VICTORIA,116,70,SEGUNDA VUELTA ELECTORAL 22/11/2015,638
1,135.0,AZA. CAMBIEMOS,161,70,SEGUNDA VUELTA ELECTORAL 22/11/2015,638
2,,VOTOS NULOS,1,70,SEGUNDA VUELTA ELECTORAL 22/11/2015,638
3,,VOTOS RECURRIDOS,0,70,SEGUNDA VUELTA ELECTORAL 22/11/2015,638
4,,VOTOS EN BLANCO,3,70,SEGUNDA VUELTA ELECTORAL 22/11/2015,638
5,,VOTOS IMPUGNADOS,0,70,SEGUNDA VUELTA ELECTORAL 22/11/2015,638
6,,TOTALES,281,70,SEGUNDA VUELTA ELECTORAL 22/11/2015,638
0,131.0,AZA. FTE. PARA LA VICTORIA,88,71,SEGUNDA VUELTA ELECTORAL 22/11/2015,638
1,135.0,AZA. CAMBIEMOS,167,71,SEGUNDA VUELTA ELECTORAL 22/11/2015,638
2,,VOTOS NULOS,1,71,SEGUNDA VUELTA ELECTORAL 22/11/2015,638
3,,VOTOS RECURRIDOS,0,71,SEGUNDA VUELTA ELECTORAL 22/11/2015,638
4,,VOTOS EN BLANCO,9,71,SEGUNDA VUELTA ELECTORAL 22/11/2015,638
5,,VOTOS IMPUGNADOS,0,71,SEGUNDA VUELTA ELECTORAL 22/11/2015,638
6,,TOTALES,265,71,SEGUNDA VUELTA ELECTORAL 22/11/2015,638
0,131.0,AZA. FTE. PARA LA VICTORIA,112,72,SEGUNDA VUELTA ELECTORAL 22/11/2015,638
1,135.0,AZA. CAMBIEMOS,170,72,SEGUNDA VUELTA ELECTORAL 22/11/2015,638
2,,VOTOS NULOS,4,72,SEGUNDA VUELTA ELECTORAL 22/11/2015,638
3,,VOTOS RECURRIDOS,0,72,SEGUNDA VUELTA ELECTORAL 22/11/2015,638
4,,VOTOS EN BLANCO,1,72,SEGUNDA VUELTA ELECTORAL 22/11/2015,638
5,,VOTOS IMPUGNADOS,0,72,SEGUNDA VUELTA ELECTORAL 22/11/2015,638
6,,TOTALES,287,72,SEGUNDA VUELTA ELECTORAL 22/11/2015,638
0,131.0,AZA. FTE. PARA LA VICTORIA,100,73,SEGUNDA VUELTA ELECTORAL 22/11/2015,638
1,135.0,AZA. CAMBIEMOS,185,73,SEGUNDA VUELTA ELECTORAL 22/11/2015,638
2,,VOTOS NULOS,1,73,SEGUNDA VUELTA ELECTORAL 22/11/2015,638
3,,VOTOS RECURRIDOS,0,73,SEGUNDA VUELTA ELECTORAL 22/11/2015,638
4,,VOTOS EN BLANCO,1,73,SEGUNDA VUELTA ELECTORAL 22/11/2015,638
5,,VOTOS IMPUGNADOS,0,73,SEGUNDA VUELTA ELECTORAL 22/11/2015,638
6,,TOTALES,287,73,SEGUNDA VUELTA ELECTORAL 22/11/2015,638
0,131.0,AZA. FTE. PARA LA VICTORIA,36,74,SEGUNDA VUELTA ELECTORAL 22/11/2015,638
1,135.0,AZA. CAMBIEMOS,54,74,SEGUNDA VUELTA ELECTORAL 22/11/2015,638
2,,VOTOS NULOS,1,74,SEGUNDA VUELTA ELECTORAL 22/11/2015,638
3,,VOTOS RECURRIDOS,0,74,SEGUNDA VUELTA ELECTORAL 22/11/2015,638
4,,VOTOS EN BLANCO,1,74,SEGUNDA VUELTA ELECTORAL 22/11/2015,638
5,,VOTOS IMPUGNADOS,0,74,SEGUNDA VUELTA ELECTORAL 22/11/2015,638
6,,TOTALES,92,74,SEGUNDA VUELTA ELECTORAL 22/11/2015,638
0,131.0,AZA. FTE. PARA LA VICTORIA,154,75,SEGUNDA VUELTA ELECTORAL 22/11/2015,639
1,135.0,AZA. CAMBIEMOS,130,75,SEGUNDA VUELTA ELECTORAL 22/11/2015,639
2,,VOTOS NULOS,4,75,SEGUNDA VUELTA ELECTORAL 22/11/2015,639
3,,VOTOS RECURRIDOS,0,75,SEGUNDA VUELTA ELECTORAL 22/11/2015,639
4,,VOTOS EN BLANCO,3,75,SEGUNDA VUELTA ELECTORAL 22/11/2015,639
5,,VOTOS IMPUGNADOS,0,75,SEGUNDA VUELTA ELECTORAL 22/11/2015,639
6,,TOTALES,291,75,SEGUNDA VUELTA ELECTORAL 22/11/2015,639
0,131.0,AZA. FTE. PARA LA VICTORIA,166,76,SEGUNDA VUELTA ELECTORAL 22/11/2015,639
1,135.0,AZA. CAMBIEMOS,127,76,SEGUNDA VUELTA ELECTORAL 22/11/2015,639
2,,VOTOS NULOS,4,76,SEGUNDA VUELTA ELECTORAL 22/11/2015,639
3,,VOTOS RECURRIDOS,1,76,SEGUNDA VUELTA ELECTORAL 22/11/2015,639
4,,VOTOS EN BLANCO,0,76,SEGUNDA VUELTA ELECTORAL 22/11/2015,639
5,,VOTOS IMPUGNADOS,0,76,SEGUNDA VUELTA ELECTORAL 22/11/2015,639
6,,TOTALES,298,76,SEGUNDA VUELTA ELECTORAL 22/11/2015,639
0,131.0,AZA. FTE. PARA LA VICTORIA,156,77,SEGUNDA VUELTA ELECTORAL 22/11/2015,639
1,135.0,AZA. CAMBIEMOS,129,77,SEGUNDA VUELTA ELECTORAL 22/11/2015,639
2,,VOTOS NULOS,4,77,SEGUNDA VUELTA ELECTORAL 22/11/2015,639
3,,VOTOS RECURRIDOS,0,77,SEGUNDA VUELTA ELECTORAL 22/11/2015,639
4,,VOTOS EN BLANCO,3,77,SEGUNDA VUELTA ELECTORAL 22/11/2015,639
5,,VOTOS IMPUGNADOS,0,77,SEGUNDA VUELTA ELECTORAL 22/11/2015,639
6,,TOTALES,292,77,SEGUNDA VUELTA ELECTORAL 22/11/2015,639
0,131.0,AZA. FTE. PARA LA VICTORIA,173,78,SEGUNDA VUELTA ELECTORAL 22/11/2015,639
1,135.0,AZA. CAMBIEMOS,123,78,SEGUNDA VUELTA ELECTORAL 22/11/2015,639
2,,VOTOS NULOS,2,78,SEGUNDA VUELTA ELECTORAL 22/11/2015,639
3,,VOTOS RECURRIDOS,0,78,SEGUNDA VUELTA ELECTORAL 22/11/2015,639
4,,VOTOS EN BLANCO,1,78,SEGUNDA VUELTA ELECTORAL 22/11/2015,639
5,,VOTOS IMPUGNADOS,0,78,SEGUNDA VUELTA ELECTORAL 22/11/2015,639
6,,TOTALES,299,78,SEGUNDA VUELTA ELECTORAL 22/11/2015,639
0,131.0,AZA. FTE. PARA LA VICTORIA,156,79,SEGUNDA VUELTA ELECTORAL 22/11/2015,639
1,135.0,AZA. CAMBIEMOS,121,79,SEGUNDA VUELTA ELECTORAL 22/11/2015,639
2,,VOTOS NULOS,4,79,SEGUNDA VUELTA ELECTORAL 22/11/2015,639
3,,VOTOS RECURRIDOS,2,79,SEGUNDA VUELTA ELECTORAL 22/11/2015,639
4,,VOTOS EN BLANCO,2,79,SEGUNDA VUELTA ELECTORAL 22/11/2015,639
5,,VOTOS IMPUGNADOS,0,79,SEGUNDA VUELTA ELECTORAL 22/11/2015,639
6,,TOTALES,285,79,SEGUNDA VUELTA ELECTORAL 22/11/2015,639
0,131.0,AZA. FTE. PARA LA VICTORIA,171,80,SEGUNDA VUELTA ELECTORAL 22/11/2015,639
1,135.0,AZA. CAMBIEMOS,126,80,SEGUNDA VUELTA ELECTORAL 22/11/2015,639
2,,VOTOS NULOS,4,80,SEGUNDA VUELTA ELECTORAL 22/11/2015,639
3,,VOTOS RECURRIDOS,0,80,SEGUNDA VUELTA ELECTORAL 22/11/2015,639
4,,VOTOS EN BLANCO,1,80,SEGUNDA VUELTA ELECTORAL 22/11/2015,639
5,,VOTOS IMPUGNADOS,0,80,SEGUNDA VUELTA ELECTORAL 22/11/2015,639
6,,TOTALES,302,80,SEGUNDA VUELTA ELECTORAL 22/11/2015,639
0,131.0,AZA. FTE. PARA LA VICTORIA,184,81,SEGUNDA VUELTA ELECTORAL 22/11/2015,639
1,135.0,AZA. CAMBIEMOS,107,81,SEGUNDA VUELTA ELECTORAL 22/11/2015,639
2,,VOTOS NULOS,6,81,SEGUNDA VUELTA ELECTORAL 22/11/2015,639
3,,VOTOS RECURRIDOS,2,81,SEGUNDA VUELTA ELECTORAL 22/11/2015,639
4,,VOTOS EN BLANCO,3,81,SEGUNDA VUELTA ELECTORAL 22/11/2015,639
5,,VOTOS IMPUGNADOS,0,81,SEGUNDA VUELTA ELECTORAL 22/11/2015,639
6,,TOTALES,302,81,SEGUNDA VUELTA ELECTORAL 22/11/2015,639
0,131.0,AZA. FTE. PARA LA VICTORIA,165,82,SEGUNDA VUELTA ELECTORAL 22/11/2015,639
1,135.0,AZA. CAMBIEMOS,124,82,SEGUNDA VUELTA ELECTORAL 22/11/2015,639
2,,VOTOS NULOS,5,82,SEGUNDA VUELTA ELECTORAL 22/11/2015,639
3,,VOTOS RECURRIDOS,0,82,SEGUNDA VUELTA ELECTORAL 22/11/2015,639
4,,VOTOS EN BLANCO,0,82,SEGUNDA VUELTA ELECTORAL 22/11/2015,639
5,,VOTOS IMPUGNADOS,0,82,SEGUNDA VUELTA ELECTORAL 22/11/2015,639
6,,TOTALES,294,82,SEGUNDA VUELTA ELECTORAL 22/11/2015,639
0,131.0,AZA. FTE. PARA LA VICTORIA,178,83,SEGUNDA VUELTA ELECTORAL 22/11/2015,639
1,135.0,AZA. CAMBIEMOS,102,83,SEGUNDA VUELTA ELECTORAL 22/11/2015,639
2,,VOTOS NULOS,11,83,SEGUNDA VUELTA ELECTORAL 22/11/2015,639
3,,VOTOS RECURRIDOS,0,83,SEGUNDA VUELTA ELECTORAL 22/11/2015,639
4,,VOTOS EN BLANCO,1,83,SEGUNDA VUELTA ELECTORAL 22/11/2015,639
5,,VOTOS IMPUGNADOS,0,83,SEGUNDA VUELTA ELECTORAL 22/11/2015,639
6,,TOTALES,292,83,SEGUNDA VUELTA ELECTORAL 22/11/2015,639
0,131.0,AZA. FTE. PARA LA VICTORIA,170,84,SEGUNDA VUELTA ELECTORAL 22/11/2015,639
1,135.0,AZA. CAMBIEMOS,120,84,SEGUNDA VUELTA ELECTORAL 22/11/2015,639
2,,VOTOS NULOS,0,84,SEGUNDA VUELTA ELECTORAL 22/11/2015,639
3,,VOTOS RECURRIDOS,0,84,SEGUNDA VUELTA ELECTORAL 22/11/2015,639
4,,VOTOS EN BLANCO,8,84,SEGUNDA VUELTA ELECTORAL 22/11/2015,639
5,,VOTOS IMPUGNADOS,0,84,SEGUNDA VUELTA ELECTORAL 22/11/2015,639
6,,TOTALES,298,84,SEGUNDA VUELTA ELECTORAL 22/11/2015,639
0,131.0,AZA. FTE. PARA LA VICTORIA,177,85,SEGUNDA VUELTA ELECTORAL 22/11/2015,639
1,135.0,AZA. CAMBIEMOS,116,85,SEGUNDA VUELTA ELECTORAL 22/11/2015,639
2,,VOTOS NULOS,6,85,SEGUNDA VUELTA ELECTORAL 22/11/2015,639
3,,VOTOS RECURRIDOS,0,85,SEGUNDA VUELTA ELECTORAL 22/11/2015,639
4,,VOTOS EN BLANCO,3,85,SEGUNDA VUELTA ELECTORAL 22/11/2015,639
5,,VOTOS IMPUGNADOS,0,85,SEGUNDA VUELTA ELECTORAL 22/11/2015,639
6,,TOTALES,302,85,SEGUNDA VUELTA ELECTORAL 22/11/2015,639
0,131.0,AZA. FTE. PARA LA VICTORIA,174,86,SEGUNDA VUELTA ELECTORAL 22/11/2015,639
1,135.0,AZA. CAMBIEMOS,110,86,SEGUNDA VUELTA ELECTORAL 22/11/2015,639
2,,VOTOS NULOS,2,86,SEGUNDA VUELTA ELECTORAL 22/11/2015,639
3,,VOTOS RECURRIDOS,0,86,SEGUNDA VUELTA ELECTORAL 22/11/2015,639
4,,VOTOS EN BLANCO,1,86,SEGUNDA VUELTA ELECTORAL 22/11/2015,639
5,,VOTOS IMPUGNADOS,0,86,SEGUNDA VUELTA ELECTORAL 22/11/2015,639
6,,TOTALES,287,86,SEGUNDA VUELTA ELECTORAL 22/11/2015,639
0,131.0,AZA. FTE. PARA LA VICTORIA,169,87,SEGUNDA VUELTA ELECTORAL 22/11/2015,639
1,135.0,AZA. CAMBIEMOS,113,87,SEGUNDA VUELTA ELECTORAL 22/11/2015,639
2,,VOTOS NULOS,8,87,SEGUNDA VUELTA ELECTORAL 22/11/2015,639
3,,VOTOS RECURRIDOS,0,87,SEGUNDA VUELTA ELECTORAL 22/11/2015,639
4,,VOTOS EN BLANCO,2,87,SEGUNDA VUELTA ELECTORAL 22/11/2015,639
5,,VOTOS IMPUGNADOS,0,87,SEGUNDA VUELTA ELECTORAL 22/11/2015,639
6,,TOTALES,292,87,SEGUNDA VUELTA ELECTORAL 22/11/2015,639
0,131.0,AZA. FTE. PARA LA VICTORIA,137,88,SEGUNDA VUELTA ELECTORAL 22/11/2015,639
1,135.0,AZA. CAMBIEMOS,139,88,SEGUNDA VUELTA ELECTORAL 22/11/2015,639
2,,VOTOS NULOS,2,88,SEGUNDA VUELTA ELECTORAL 22/11/2015,639
3,,VOTOS RECURRIDOS,1,88,SEGUNDA VUELTA ELECTORAL 22/11/2015,639
4,,VOTOS EN BLANCO,3,88,SEGUNDA VUELTA ELECTORAL 22/11/2015,639
5,,VOTOS IMPUGNADOS,0,88,SEGUNDA VUELTA ELECTORAL 22/11/2015,639
6,,TOTALES,282,88,SEGUNDA VUELTA ELECTORAL 22/11/2015,639
0,131.0,AZA. FTE. PARA LA VICTORIA,192,89,SEGUNDA VUELTA ELECTORAL 22/11/2015,639
1,135.0,AZA. CAMBIEMOS,101,89,SEGUNDA VUELTA ELECTORAL 22/11/2015,639
2,,VOTOS NULOS,3,89,SEGUNDA VUELTA ELECTORAL 22/11/2015,639
3,,VOTOS RECURRIDOS,0,89,SEGUNDA VUELTA ELECTORAL 22/11/2015,639
4,,VOTOS EN BLANCO,2,89,SEGUNDA VUELTA ELECTORAL 22/11/2015,639
5,,VOTOS IMPUGNADOS,0,89,SEGUNDA VUELTA ELECTORAL 22/11/2015,639
6,,TOTALES,298,89,SEGUNDA VUELTA ELECTORAL 22/11/2015,639
0,131.0,AZA. FTE. PARA LA VICTORIA,39,90,SEGUNDA VUELTA ELECTORAL 22/11/2015,639
1,135.0,AZA. CAMBIEMOS,26,90,SEGUNDA VUELTA ELECTORAL 22/11/2015,639
2,,VOTOS NULOS,0,90,SEGUNDA VUELTA ELECTORAL 22/11/2015,639
3,,VOTOS RECURRIDOS,0,90,SEGUNDA VUELTA ELECTORAL 22/11/2015,639
4,,VOTOS EN BLANCO,1,90,SEGUNDA VUELTA ELECTORAL 22/11/2015,639
5,,VOTOS IMPUGNADOS,0,90,SEGUNDA VUELTA ELECTORAL 22/11/2015,639
6,,TOTALES,66,90,SEGUNDA VUELTA ELECTORAL 22/11/2015,639
0,131.0,AZA. FTE. PARA LA VICTORIA,133,91,SEGUNDA VUELTA ELECTORAL 22/11/2015,640
1,135.0,AZA. CAMBIEMOS,150,91,SEGUNDA VUELTA ELECTORAL 22/11/2015,640
2,,VOTOS NULOS,4,91,SEGUNDA VUELTA ELECTORAL 22/11/2015,640
3,,VOTOS RECURRIDOS,0,91,SEGUNDA VUELTA ELECTORAL 22/11/2015,640
4,,VOTOS EN BLANCO,2,91,SEGUNDA VUELTA ELECTORAL 22/11/2015,640
5,,VOTOS IMPUGNADOS,0,91,SEGUNDA VUELTA ELECTORAL 22/11/2015,640
6,,TOTALES,289,91,SEGUNDA VUELTA ELECTORAL 22/11/2015,640
0,131.0,AZA. FTE. PARA LA VICTORIA,114,92,SEGUNDA VUELTA ELECTORAL 22/11/2015,640
1,135.0,AZA. CAMBIEMOS,182,92,SEGUNDA VUELTA ELECTORAL 22/11/2015,640
2,,VOTOS NULOS,2,92,SEGUNDA VUELTA ELECTORAL 22/11/2015,640
3,,VOTOS RECURRIDOS,0,92,SEGUNDA VUELTA ELECTORAL 22/11/2015,640
4,,VOTOS EN BLANCO,3,92,SEGUNDA VUELTA ELECTORAL 22/11/2015,640
5,,VOTOS IMPUGNADOS,0,92,SEGUNDA VUELTA ELECTORAL 22/11/2015,640
6,,TOTALES,301,92,SEGUNDA VUELTA ELECTORAL 22/11/2015,640
0,131.0,AZA. FTE. PARA LA VICTORIA,126,93,SEGUNDA VUELTA ELECTORAL 22/11/2015,640
1,135.0,AZA. CAMBIEMOS,157,93,SEGUNDA VUELTA ELECTORAL 22/11/2015,640
2,,VOTOS NULOS,0,93,SEGUNDA VUELTA ELECTORAL 22/11/2015,640
3,,VOTOS RECURRIDOS,6,93,SEGUNDA VUELTA ELECTORAL 22/11/2015,640
4,,VOTOS EN BLANCO,2,93,SEGUNDA VUELTA ELECTORAL 22/11/2015,640
5,,VOTOS IMPUGNADOS,0,93,SEGUNDA VUELTA ELECTORAL 22/11/2015,640
6,,TOTALES,291,93,SEGUNDA VUELTA ELECTORAL 22/11/2015,640
0,131.0,AZA. FTE. PARA LA VICTORIA,117,94,SEGUNDA VUELTA ELECTORAL 22/11/2015,640
1,135.0,AZA. CAMBIEMOS,174,94,SEGUNDA VUELTA ELECTORAL 22/11/2015,640
2,,VOTOS NULOS,8,94,SEGUNDA VUELTA ELECTORAL 22/11/2015,640
3,,VOTOS RECURRIDOS,0,94,SEGUNDA VUELTA ELECTORAL 22/11/2015,640
4,,VOTOS EN BLANCO,6,94,SEGUNDA VUELTA ELECTORAL 22/11/2015,640
5,,VOTOS IMPUGNADOS,0,94,SEGUNDA VUELTA ELECTORAL 22/11/2015,640
6,,TOTALES,305,94,SEGUNDA VUELTA ELECTORAL 22/11/2015,640
0,131.0,AZA. FTE. PARA LA VICTORIA,149,95,SEGUNDA VUELTA ELECTORAL 22/11/2015,640
1,135.0,AZA. CAMBIEMOS,141,95,SEGUNDA VUELTA ELECTORAL 22/11/2015,640
2,,VOTOS NULOS,1,95,SEGUNDA VUELTA ELECTORAL 22/11/2015,640
3,,VOTOS RECURRIDOS,0,95,SEGUNDA VUELTA ELECTORAL 22/11/2015,640
4,,VOTOS EN BLANCO,3,95,SEGUNDA VUELTA ELECTORAL 22/11/2015,640
5,,VOTOS IMPUGNADOS,0,95,SEGUNDA VUELTA ELECTORAL 22/11/2015,640
6,,TOTALES,294,95,SEGUNDA VUELTA ELECTORAL 22/11/2015,640
0,131.0,AZA. FTE. PARA LA VICTORIA,118,96,SEGUNDA VUELTA ELECTORAL 22/11/2015,640
1,135.0,AZA. CAMBIEMOS,168,96,SEGUNDA VUELTA ELECTORAL 22/11/2015,640
2,,VOTOS NULOS,2,96,SEGUNDA VUELTA ELECTORAL 22/11/2015,640
3,,VOTOS RECURRIDOS,0,96,SEGUNDA VUELTA ELECTORAL 22/11/2015,640
4,,VOTOS EN BLANCO,1,96,SEGUNDA VUELTA ELECTORAL 22/11/2015,640
5,,VOTOS IMPUGNADOS,0,96,SEGUNDA VUELTA ELECTORAL 22/11/2015,640
6,,TOTALES,289,96,SEGUNDA VUELTA ELECTORAL 22/11/2015,640
0,131.0,AZA. FTE. PARA LA VICTORIA,128,97,SEGUNDA VUELTA ELECTORAL 22/11/2015,640
1,135.0,AZA. CAMBIEMOS,159,97,SEGUNDA VUELTA ELECTORAL 22/11/2015,640
2,,VOTOS NULOS,1,97,SEGUNDA VUELTA ELECTORAL 22/11/2015,640
3,,VOTOS RECURRIDOS,7,97,SEGUNDA VUELTA ELECTORAL 22/11/2015,640
4,,VOTOS EN BLANCO,3,97,SEGUNDA VUELTA ELECTORAL 22/11/2015,640
5,,VOTOS IMPUGNADOS,0,97,SEGUNDA VUELTA ELECTORAL 22/11/2015,640
6,,TOTALES,298,97,SEGUNDA VUELTA ELECTORAL 22/11/2015,640
0,131.0,AZA. FTE. PARA LA VICTORIA,151,98,SEGUNDA VUELTA ELECTORAL 22/11/2015,640
1,135.0,AZA. CAMBIEMOS,142,98,SEGUNDA VUELTA ELECTORAL 22/11/2015,640
2,,VOTOS NULOS,0,98,SEGUNDA VUELTA ELECTORAL 22/11/2015,640
3,,VOTOS RECURRIDOS,0,98,SEGUNDA VUELTA ELECTORAL 22/11/2015,640
4,,VOTOS EN BLANCO,0,98,SEGUNDA VUELTA ELECTORAL 22/11/2015,640
5,,VOTOS IMPUGNADOS,0,98,SEGUNDA VUELTA ELECTORAL 22/11/2015,640
6,,TOTALES,293,98,SEGUNDA VUELTA ELECTORAL 22/11/2015,640
0,131.0,AZA. FTE. PARA LA VICTORIA,114,99,SEGUNDA VUELTA ELECTORAL 22/11/2015,640
1,135.0,AZA. CAMBIEMOS,173,99,SEGUNDA VUELTA ELECTORAL 22/11/2015,640
2,,VOTOS NULOS,1,99,SEGUNDA VUELTA ELECTORAL 22/11/2015,640
3,,VOTOS RECURRIDOS,0,99,SEGUNDA VUELTA ELECTORAL 22/11/2015,640
4,,VOTOS EN BLANCO,1,99,SEGUNDA VUELTA ELECTORAL 22/11/2015,640
5,,VOTOS IMPUGNADOS,0,99,SEGUNDA VUELTA ELECTORAL 22/11/2015,640
6,,TOTALES,289,99,SEGUNDA VUELTA ELECTORAL 22/11/2015,640
0,131.0,AZA. FTE. PARA LA VICTORIA,135,100,SEGUNDA VUELTA ELECTORAL 22/11/2015,640
1,135.0,AZA. CAMBIEMOS,152,100,SEGUNDA VUELTA ELECTORAL 22/11/2015,640
2,,VOTOS NULOS,4,100,SEGUNDA VUELTA ELECTORAL 22/11/2015,640
3,,VOTOS RECURRIDOS,0,100,SEGUNDA VUELTA ELECTORAL 22/11/2015,640
4,,VOTOS EN BLANCO,1,100,SEGUNDA VUELTA ELECTORAL 22/11/2015,640
5,,VOTOS IMPUGNADOS,0,100,SEGUNDA VUELTA ELECTORAL 22/11/2015,640
6,,TOTALES,292,100,SEGUNDA VUELTA ELECTORAL 22/11/2015,640
0,131.0,AZA. FTE. PARA LA VICTORIA,137,101,SEGUNDA VUELTA ELECTORAL 22/11/2015,640
1,135.0,AZA. CAMBIEMOS,146,101,SEGUNDA VUELTA ELECTORAL 22/11/2015,640
2,,VOTOS NULOS,1,101,SEGUNDA VUELTA ELECTORAL 22/11/2015,640
3,,VOTOS RECURRIDOS,0,101,SEGUNDA VUELTA ELECTORAL 22/11/2015,640
4,,VOTOS EN BLANCO,2,101,SEGUNDA VUELTA ELECTORAL 22/11/2015,640
5,,VOTOS IMPUGNADOS,0,101,SEGUNDA VUELTA ELECTORAL 22/11/2015,640
6,,TOTALES,286,101,SEGUNDA VUELTA ELECTORAL 22/11/2015,640
0,131.0,AZA. FTE. PARA LA VICTORIA,136,102,SEGUNDA VUELTA ELECTORAL 22/11/2015,640
1,135.0,AZA. CAMBIEMOS,147,102,SEGUNDA VUELTA ELECTORAL 22/11/2015,640
2,,VOTOS NULOS,4,102,SEGUNDA VUELTA ELECTORAL 22/11/2015,640
3,,VOTOS RECURRIDOS,0,102,SEGUNDA VUELTA ELECTORAL 22/11/2015,640
4,,VOTOS EN BLANCO,1,102,SEGUNDA VUELTA ELECTORAL 22/11/2015,640
5,,VOTOS IMPUGNADOS,0,102,SEGUNDA VUELTA ELECTORAL 22/11/2015,640
6,,TOTALES,288,102,SEGUNDA VUELTA ELECTORAL 22/11/2015,640
0,131.0,AZA. FTE. PARA LA VICTORIA,147,103,SEGUNDA VUELTA ELECTORAL 22/11/2015,640
1,135.0,AZA. CAMBIEMOS,140,103,SEGUNDA VUELTA ELECTORAL 22/11/2015,640
2,,VOTOS NULOS,2,103,SEGUNDA VUELTA ELECTORAL 22/11/2015,640
3,,VOTOS RECURRIDOS,0,103,SEGUNDA VUELTA ELECTORAL 22/11/2015,640
4,,VOTOS EN BLANCO,0,103,SEGUNDA VUELTA ELECTORAL 22/11/2015,640
5,,VOTOS IMPUGNADOS,0,103,SEGUNDA VUELTA ELECTORAL 22/11/2015,640
6,,TOTALES,289,103,SEGUNDA VUELTA ELECTORAL 22/11/2015,640
0,131.0,AZA. FTE. PARA LA VICTORIA,125,104,SEGUNDA VUELTA ELECTORAL 22/11/2015,640
1,135.0,AZA. CAMBIEMOS,155,104,SEGUNDA VUELTA ELECTORAL 22/11/2015,640
2,,VOTOS NULOS,2,104,SEGUNDA VUELTA ELECTORAL 22/11/2015,640
3,,VOTOS RECURRIDOS,0,104,SEGUNDA VUELTA ELECTORAL 22/11/2015,640
4,,VOTOS EN BLANCO,1,104,SEGUNDA VUELTA ELECTORAL 22/11/2015,640
5,,VOTOS IMPUGNADOS,0,104,SEGUNDA VUELTA ELECTORAL 22/11/2015,640
6,,TOTALES,283,104,SEGUNDA VUELTA ELECTORAL 22/11/2015,640
0,131.0,AZA. FTE. PARA LA VICTORIA,125,105,SEGUNDA VUELTA ELECTORAL 22/11/2015,640
1,135.0,AZA. CAMBIEMOS,165,105,SEGUNDA VUELTA ELECTORAL 22/11/2015,640
2,,VOTOS NULOS,2,105,SEGUNDA VUELTA ELECTORAL 22/11/2015,640
3,,VOTOS RECURRIDOS,0,105,SEGUNDA VUELTA ELECTORAL 22/11/2015,640
4,,VOTOS EN BLANCO,3,105,SEGUNDA VUELTA ELECTORAL 22/11/2015,640
5,,VOTOS IMPUGNADOS,0,105,SEGUNDA VUELTA ELECTORAL 22/11/2015,640
6,,TOTALES,295,105,SEGUNDA VUELTA ELECTORAL 22/11/2015,640
0,131.0,AZA. FTE. PARA LA VICTORIA,143,106,SEGUNDA VUELTA ELECTORAL 22/11/2015,640
1,135.0,AZA. CAMBIEMOS,153,106,SEGUNDA VUELTA ELECTORAL 22/11/2015,640
2,,VOTOS NULOS,1,106,SEGUNDA VUELTA ELECTORAL 22/11/2015,640
3,,VOTOS RECURRIDOS,0,106,SEGUNDA VUELTA ELECTORAL 22/11/2015,640
4,,VOTOS EN BLANCO,0,106,SEGUNDA VUELTA ELECTORAL 22/11/2015,640
5,,VOTOS IMPUGNADOS,0,106,SEGUNDA VUELTA ELECTORAL 22/11/2015,640
6,,TOTALES,297,106,SEGUNDA VUELTA ELECTORAL 22/11/2015,640
0,131.0,AZA. FTE. PARA LA VICTORIA,119,107,SEGUNDA VUELTA ELECTORAL 22/11/2015,640
1,135.0,AZA. CAMBIEMOS,177,107,SEGUNDA VUELTA ELECTORAL 22/11/2015,640
2,,VOTOS NULOS,5,107,SEGUNDA VUELTA ELECTORAL 22/11/2015,640
3,,VOTOS RECURRIDOS,0,107,SEGUNDA VUELTA ELECTORAL 22/11/2015,640
4,,VOTOS EN BLANCO,2,107,SEGUNDA VUELTA ELECTORAL 22/11/2015,640
5,,VOTOS IMPUGNADOS,0,107,SEGUNDA VUELTA ELECTORAL 22/11/2015,640
6,,TOTALES,303,107,SEGUNDA VUELTA ELECTORAL 22/11/2015,640
0,131.0,AZA. FTE. PARA LA VICTORIA,112,108,SEGUNDA VUELTA ELECTORAL 22/11/2015,640
1,135.0,AZA. CAMBIEMOS,176,108,SEGUNDA VUELTA ELECTORAL 22/11/2015,640
2,,VOTOS NULOS,4,108,SEGUNDA VUELTA ELECTORAL 22/11/2015,640
3,,VOTOS RECURRIDOS,0,108,SEGUNDA VUELTA ELECTORAL 22/11/2015,640
4,,VOTOS EN BLANCO,1,108,SEGUNDA VUELTA ELECTORAL 22/11/2015,640
5,,VOTOS IMPUGNADOS,0,108,SEGUNDA VUELTA ELECTORAL 22/11/2015,640
6,,TOTALES,293,108,SEGUNDA VUELTA ELECTORAL 22/11/2015,640
0,131.0,AZA. FTE. PARA LA VICTORIA,116,109,SEGUNDA VUELTA ELECTORAL 22/11/2015,640
1,135.0,AZA. CAMBIEMOS,170,109,SEGUNDA VUELTA ELECTORAL 22/11/2015,640
2,,VOTOS NULOS,3,109,SEGUNDA VUELTA ELECTORAL 22/11/2015,640
3,,VOTOS RECURRIDOS,0,109,SEGUNDA VUELTA ELECTORAL 22/11/2015,640
4,,VOTOS EN BLANCO,1,109,SEGUNDA VUELTA ELECTORAL 22/11/2015,640
5,,VOTOS IMPUGNADOS,0,109,SEGUNDA VUELTA ELECTORAL 22/11/2015,640
6,,TOTALES,290,109,SEGUNDA VUELTA ELECTORAL 22/11/2015,640
0,131.0,AZA. FTE. PARA LA VICTORIA,116,110,SEGUNDA VUELTA ELECTORAL 22/11/2015,640
1,135.0,AZA. CAMBIEMOS,171,110,SEGUNDA VUELTA ELECTORAL 22/11/2015,640
2,,VOTOS NULOS,0,110,SEGUNDA VUELTA ELECTORAL 22/11/2015,640
3,,VOTOS RECURRIDOS,0,110,SEGUNDA VUELTA ELECTORAL 22/11/2015,640
4,,VOTOS EN BLANCO,7,110,SEGUNDA VUELTA ELECTORAL 22/11/2015,640
5,,VOTOS IMPUGNADOS,0,110,SEGUNDA VUELTA ELECTORAL 22/11/2015,640
6,,TOTALES,294,110,SEGUNDA VUELTA ELECTORAL 22/11/2015,640
0,131.0,AZA. FTE. PARA LA VICTORIA,144,111,SEGUNDA VUELTA ELECTORAL 22/11/2015,640
1,135.0,AZA. CAMBIEMOS,143,111,SEGUNDA VUELTA ELECTORAL 22/11/2015,640
2,,VOTOS NULOS,3,111,SEGUNDA VUELTA ELECTORAL 22/11/2015,640
3,,VOTOS RECURRIDOS,0,111,SEGUNDA VUELTA ELECTORAL 22/11/2015,640
4,,VOTOS EN BLANCO,6,111,SEGUNDA VUELTA ELECTORAL 22/11/2015,640
5,,VOTOS IMPUGNADOS,0,111,SEGUNDA VUELTA ELECTORAL 22/11/2015,640
6,,TOTALES,296,111,SEGUNDA VUELTA ELECTORAL 22/11/2015,640
0,131.0,AZA. FTE. PARA LA VICTORIA,133,112,SEGUNDA VUELTA ELECTORAL 22/11/2015,640
1,135.0,AZA. CAMBIEMOS,151,112,SEGUNDA VUELTA ELECTORAL 22/11/2015,640
2,,VOTOS NULOS,5,112,SEGUNDA VUELTA ELECTORAL 22/11/2015,640
3,,VOTOS RECURRIDOS,0,112,SEGUNDA VUELTA ELECTORAL 22/11/2015,640
4,,VOTOS EN BLANCO,6,112,SEGUNDA VUELTA ELECTORAL 22/11/2015,640
5,,VOTOS IMPUGNADOS,0,112,SEGUNDA VUELTA ELECTORAL 22/11/2015,640
6,,TOTALES,295,112,SEGUNDA VUELTA ELECTORAL 22/11/2015,640
0,131.0,AZA. FTE. PARA LA VICTORIA,38,113,SEGUNDA VUELTA ELECTORAL 22/11/2015,640
1,135.0,AZA. CAMBIEMOS,50,113,SEGUNDA VUELTA ELECTORAL 22/11/2015,640
2,,VOTOS NULOS,0,113,SEGUNDA VUELTA ELECTORAL 22/11/2015,640
3,,VOTOS RECURRIDOS,0,113,SEGUNDA VUELTA ELECTORAL 22/11/2015,640
4,,VOTOS EN BLANCO,0,113,SEGUNDA VUELTA ELECTORAL 22/11/2015,640
5,,VOTOS IMPUGNADOS,0,113,SEGUNDA VUELTA ELECTORAL 22/11/2015,640
6,,TOTALES,88,113,SEGUNDA VUELTA ELECTORAL 22/11/2015,640
0,131.0,AZA. FTE. PARA LA VICTORIA,127,114,SEGUNDA VUELTA ELECTORAL 22/11/2015,641
1,135.0,AZA. CAMBIEMOS,171,114,SEGUNDA VUELTA ELECTORAL 22/11/2015,641
2,,VOTOS NULOS,3,114,SEGUNDA VUELTA ELECTORAL 22/11/2015,641
3,,VOTOS RECURRIDOS,0,114,SEGUNDA VUELTA ELECTORAL 22/11/2015,641
4,,VOTOS EN BLANCO,5,114,SEGUNDA VUELTA ELECTORAL 22/11/2015,641
5,,VOTOS IMPUGNADOS,0,114,SEGUNDA VUELTA ELECTORAL 22/11/2015,641
6,,TOTALES,306,114,SEGUNDA VUELTA ELECTORAL 22/11/2015,641
0,131.0,AZA. FTE. PARA LA VICTORIA,136,115,SEGUNDA VUELTA ELECTORAL 22/11/2015,641
1,135.0,AZA. CAMBIEMOS,141,115,SEGUNDA VUELTA ELECTORAL 22/11/2015,641
2,,VOTOS NULOS,4,115,SEGUNDA VUELTA ELECTORAL 22/11/2015,641
3,,VOTOS RECURRIDOS,0,115,SEGUNDA VUELTA ELECTORAL 22/11/2015,641
4,,VOTOS EN BLANCO,2,115,SEGUNDA VUELTA ELECTORAL 22/11/2015,641
5,,VOTOS IMPUGNADOS,0,115,SEGUNDA VUELTA ELECTORAL 22/11/2015,641
6,,TOTALES,283,115,SEGUNDA VUELTA ELECTORAL 22/11/2015,641
0,131.0,AZA. FTE. PARA LA VICTORIA,119,116,SEGUNDA VUELTA ELECTORAL 22/11/2015,641
1,135.0,AZA. CAMBIEMOS,165,116,SEGUNDA VUELTA ELECTORAL 22/11/2015,641
2,,VOTOS NULOS,3,116,SEGUNDA VUELTA ELECTORAL 22/11/2015,641
3,,VOTOS RECURRIDOS,0,116,SEGUNDA VUELTA ELECTORAL 22/11/2015,641
4,,VOTOS EN BLANCO,0,116,SEGUNDA VUELTA ELECTORAL 22/11/2015,641
5,,VOTOS IMPUGNADOS,0,116,SEGUNDA VUELTA ELECTORAL 22/11/2015,641
6,,TOTALES,287,116,SEGUNDA VUELTA ELECTORAL 22/11/2015,641
0,131.0,AZA. FTE. PARA LA VICTORIA,119,117,SEGUNDA VUELTA ELECTORAL 22/11/2015,641
1,135.0,AZA. CAMBIEMOS,160,117,SEGUNDA VUELTA ELECTORAL 22/11/2015,641
2,,VOTOS NULOS,3,117,SEGUNDA VUELTA ELECTORAL 22/11/2015,641
3,,VOTOS RECURRIDOS,0,117,SEGUNDA VUELTA ELECTORAL 22/11/2015,641
4,,VOTOS EN BLANCO,3,117,SEGUNDA VUELTA ELECTORAL 22/11/2015,641
5,,VOTOS IMPUGNADOS,0,117,SEGUNDA VUELTA ELECTORAL 22/11/2015,641
6,,TOTALES,285,117,SEGUNDA VUELTA ELECTORAL 22/11/2015,641
0,131.0,AZA. FTE. PARA LA VICTORIA,123,118,SEGUNDA VUELTA ELECTORAL 22/11/2015,641
1,135.0,AZA. CAMBIEMOS,166,118,SEGUNDA VUELTA ELECTORAL 22/11/2015,641
2,,VOTOS NULOS,4,118,SEGUNDA VUELTA ELECTORAL 22/11/2015,641
3,,VOTOS RECURRIDOS,0,118,SEGUNDA VUELTA ELECTORAL 22/11/2015,641
4,,VOTOS EN BLANCO,4,118,SEGUNDA VUELTA ELECTORAL 22/11/2015,641
5,,VOTOS IMPUGNADOS,0,118,SEGUNDA VUELTA ELECTORAL 22/11/2015,641
6,,TOTALES,297,118,SEGUNDA VUELTA ELECTORAL 22/11/2015,641
0,131.0,AZA. FTE. PARA LA VICTORIA,107,119,SEGUNDA VUELTA ELECTORAL 22/11/2015,641
1,135.0,AZA. CAMBIEMOS,160,119,SEGUNDA VUELTA ELECTORAL 22/11/2015,641
2,,VOTOS NULOS,5,119,SEGUNDA VUELTA ELECTORAL 22/11/2015,641
3,,VOTOS RECURRIDOS,0,119,SEGUNDA VUELTA ELECTORAL 22/11/2015,641
4,,VOTOS EN BLANCO,3,119,SEGUNDA VUELTA ELECTORAL 22/11/2015,641
5,,VOTOS IMPUGNADOS,0,119,SEGUNDA VUELTA ELECTORAL 22/11/2015,641
6,,TOTALES,275,119,SEGUNDA VUELTA ELECTORAL 22/11/2015,641
0,131.0,AZA. FTE. PARA LA VICTORIA,67,120,SEGUNDA VUELTA ELECTORAL 22/11/2015,641
1,135.0,AZA. CAMBIEMOS,60,120,SEGUNDA VUELTA ELECTORAL 22/11/2015,641
2,,VOTOS NULOS,3,120,SEGUNDA VUELTA ELECTORAL 22/11/2015,641
3,,VOTOS RECURRIDOS,0,120,SEGUNDA VUELTA ELECTORAL 22/11/2015,641
4,,VOTOS EN BLANCO,1,120,SEGUNDA VUELTA ELECTORAL 22/11/2015,641
5,,VOTOS IMPUGNADOS,0,120,SEGUNDA VUELTA ELECTORAL 22/11/2015,641
6,,TOTALES,131,120,SEGUNDA VUELTA ELECTORAL 22/11/2015,641
0,131.0,AZA. FTE. PARA LA VICTORIA,159,121,SEGUNDA VUELTA ELECTORAL 22/11/2015,642
1,135.0,AZA. CAMBIEMOS,131,121,SEGUNDA VUELTA ELECTORAL 22/11/2015,642
2,,VOTOS NULOS,6,121,SEGUNDA VUELTA ELECTORAL 22/11/2015,642
3,,VOTOS RECURRIDOS,0,121,SEGUNDA VUELTA ELECTORAL 22/11/2015,642
4,,VOTOS EN BLANCO,6,121,SEGUNDA VUELTA ELECTORAL 22/11/2015,642
5,,VOTOS IMPUGNADOS,0,121,SEGUNDA VUELTA ELECTORAL 22/11/2015,642
6,,TOTALES,302,121,SEGUNDA VUELTA ELECTORAL 22/11/2015,642
0,131.0,AZA. FTE. PARA LA VICTORIA,136,122,SEGUNDA VUELTA ELECTORAL 22/11/2015,642
1,135.0,AZA. CAMBIEMOS,155,122,SEGUNDA VUELTA ELECTORAL 22/11/2015,642
2,,VOTOS NULOS,2,122,SEGUNDA VUELTA ELECTORAL 22/11/2015,642
3,,VOTOS RECURRIDOS,0,122,SEGUNDA VUELTA ELECTORAL 22/11/2015,642
4,,VOTOS EN BLANCO,2,122,SEGUNDA VUELTA ELECTORAL 22/11/2015,642
5,,VOTOS IMPUGNADOS,0,122,SEGUNDA VUELTA ELECTORAL 22/11/2015,642
6,,TOTALES,295,122,SEGUNDA VUELTA ELECTORAL 22/11/2015,642
0,131.0,AZA. FTE. PARA LA VICTORIA,126,123,SEGUNDA VUELTA ELECTORAL 22/11/2015,642
1,135.0,AZA. CAMBIEMOS,169,123,SEGUNDA VUELTA ELECTORAL 22/11/2015,642
2,,VOTOS NULOS,2,123,SEGUNDA VUELTA ELECTORAL 22/11/2015,642
3,,VOTOS RECURRIDOS,0,123,SEGUNDA VUELTA ELECTORAL 22/11/2015,642
4,,VOTOS EN BLANCO,3,123,SEGUNDA VUELTA ELECTORAL 22/11/2015,642
5,,VOTOS IMPUGNADOS,0,123,SEGUNDA VUELTA ELECTORAL 22/11/2015,642
6,,TOTALES,300,123,SEGUNDA VUELTA ELECTORAL 22/11/2015,642
0,131.0,AZA. FTE. PARA LA VICTORIA,122,124,SEGUNDA VUELTA ELECTORAL 22/11/2015,642
1,135.0,AZA. CAMBIEMOS,167,124,SEGUNDA VUELTA ELECTORAL 22/11/2015,642
2,,VOTOS NULOS,0,124,SEGUNDA VUELTA ELECTORAL 22/11/2015,642
3,,VOTOS RECURRIDOS,0,124,SEGUNDA VUELTA ELECTORAL 22/11/2015,642
4,,VOTOS EN BLANCO,4,124,SEGUNDA VUELTA ELECTORAL 22/11/2015,642
5,,VOTOS IMPUGNADOS,0,124,SEGUNDA VUELTA ELECTORAL 22/11/2015,642
6,,TOTALES,293,124,SEGUNDA VUELTA ELECTORAL 22/11/2015,642
0,131.0,AZA. FTE. PARA LA VICTORIA,142,125,SEGUNDA VUELTA ELECTORAL 22/11/2015,642
1,135.0,AZA. CAMBIEMOS,151,125,SEGUNDA VUELTA ELECTORAL 22/11/2015,642
2,,VOTOS NULOS,3,125,SEGUNDA VUELTA ELECTORAL 22/11/2015,642
3,,VOTOS RECURRIDOS,0,125,SEGUNDA VUELTA ELECTORAL 22/11/2015,642
4,,VOTOS EN BLANCO,1,125,SEGUNDA VUELTA ELECTORAL 22/11/2015,642
5,,VOTOS IMPUGNADOS,0,125,SEGUNDA VUELTA ELECTORAL 22/11/2015,642
6,,TOTALES,297,125,SEGUNDA VUELTA ELECTORAL 22/11/2015,642
0,131.0,AZA. FTE. PARA LA VICTORIA,142,126,SEGUNDA VUELTA ELECTORAL 22/11/2015,642
1,135.0,AZA. CAMBIEMOS,150,126,SEGUNDA VUELTA ELECTORAL 22/11/2015,642
2,,VOTOS NULOS,0,126,SEGUNDA VUELTA ELECTORAL 22/11/2015,642
3,,VOTOS RECURRIDOS,0,126,SEGUNDA VUELTA ELECTORAL 22/11/2015,642
4,,VOTOS EN BLANCO,4,126,SEGUNDA VUELTA ELECTORAL 22/11/2015,642
5,,VOTOS IMPUGNADOS,0,126,SEGUNDA VUELTA ELECTORAL 22/11/2015,642
6,,TOTALES,296,126,SEGUNDA VUELTA ELECTORAL 22/11/2015,642
0,131.0,AZA. FTE. PARA LA VICTORIA,145,127,SEGUNDA VUELTA ELECTORAL 22/11/2015,642
1,135.0,AZA. CAMBIEMOS,154,127,SEGUNDA VUELTA ELECTORAL 22/11/2015,642
2,,VOTOS NULOS,7,127,SEGUNDA VUELTA ELECTORAL 22/11/2015,642
3,,VOTOS RECURRIDOS,0,127,SEGUNDA VUELTA ELECTORAL 22/11/2015,642
4,,VOTOS EN BLANCO,5,127,SEGUNDA VUELTA ELECTORAL 22/11/2015,642
5,,VOTOS IMPUGNADOS,0,127,SEGUNDA VUELTA ELECTORAL 22/11/2015,642
6,,TOTALES,311,127,SEGUNDA VUELTA ELECTORAL 22/11/2015,642
0,131.0,AZA. FTE. PARA LA VICTORIA,139,128,SEGUNDA VUELTA ELECTORAL 22/11/2015,642
1,135.0,AZA. CAMBIEMOS,164,128,SEGUNDA VUELTA ELECTORAL 22/11/2015,642
2,,VOTOS NULOS,0,128,SEGUNDA VUELTA ELECTORAL 22/11/2015,642
3,,VOTOS RECURRIDOS,0,128,SEGUNDA VUELTA ELECTORAL 22/11/2015,642
4,,VOTOS EN BLANCO,2,128,SEGUNDA VUELTA ELECTORAL 22/11/2015,642
5,,VOTOS IMPUGNADOS,0,128,SEGUNDA VUELTA ELECTORAL 22/11/2015,642
6,,TOTALES,305,128,SEGUNDA VUELTA ELECTORAL 22/11/2015,642
0,131.0,AZA. FTE. PARA LA VICTORIA,114,129,SEGUNDA VUELTA ELECTORAL 22/11/2015,642
1,135.0,AZA. CAMBIEMOS,165,129,SEGUNDA VUELTA ELECTORAL 22/11/2015,642
2,,VOTOS NULOS,9,129,SEGUNDA VUELTA ELECTORAL 22/11/2015,642
3,,VOTOS RECURRIDOS,0,129,SEGUNDA VUELTA ELECTORAL 22/11/2015,642
4,,VOTOS EN BLANCO,4,129,SEGUNDA VUELTA ELECTORAL 22/11/2015,642
5,,VOTOS IMPUGNADOS,0,129,SEGUNDA VUELTA ELECTORAL 22/11/2015,642
6,,TOTALES,292,129,SEGUNDA VUELTA ELECTORAL 22/11/2015,642
0,131.0,AZA. FTE. PARA LA VICTORIA,151,130,SEGUNDA VUELTA ELECTORAL 22/11/2015,642
1,135.0,AZA. CAMBIEMOS,135,130,SEGUNDA VUELTA ELECTORAL 22/11/2015,642
2,,VOTOS NULOS,3,130,SEGUNDA VUELTA ELECTORAL 22/11/2015,642
3,,VOTOS RECURRIDOS,0,130,SEGUNDA VUELTA ELECTORAL 22/11/2015,642
4,,VOTOS EN BLANCO,1,130,SEGUNDA VUELTA ELECTORAL 22/11/2015,642
5,,VOTOS IMPUGNADOS,0,130,SEGUNDA VUELTA ELECTORAL 22/11/2015,642
6,,TOTALES,290,130,SEGUNDA VUELTA ELECTORAL 22/11/2015,642
0,131.0,AZA. FTE. PARA LA VICTORIA,164,131,SEGUNDA VUELTA ELECTORAL 22/11/2015,642
1,135.0,AZA. CAMBIEMOS,148,131,SEGUNDA VUELTA ELECTORAL 22/11/2015,642
2,,VOTOS NULOS,3,131,SEGUNDA VUELTA ELECTORAL 22/11/2015,642
3,,VOTOS RECURRIDOS,0,131,SEGUNDA VUELTA ELECTORAL 22/11/2015,642
4,,VOTOS EN BLANCO,3,131,SEGUNDA VUELTA ELECTORAL 22/11/2015,642
5,,VOTOS IMPUGNADOS,0,131,SEGUNDA VUELTA ELECTORAL 22/11/2015,642
6,,TOTALES,318,131,SEGUNDA VUELTA ELECTORAL 22/11/2015,642
0,131.0,AZA. FTE. PARA LA VICTORIA,149,132,SEGUNDA VUELTA ELECTORAL 22/11/2015,642
1,135.0,AZA. CAMBIEMOS,153,132,SEGUNDA VUELTA ELECTORAL 22/11/2015,642
2,,VOTOS NULOS,3,132,SEGUNDA VUELTA ELECTORAL 22/11/2015,642
3,,VOTOS RECURRIDOS,0,132,SEGUNDA VUELTA ELECTORAL 22/11/2015,642
4,,VOTOS EN BLANCO,2,132,SEGUNDA VUELTA ELECTORAL 22/11/2015,642
5,,VOTOS IMPUGNADOS,0,132,SEGUNDA VUELTA ELECTORAL 22/11/2015,642
6,,TOTALES,307,132,SEGUNDA VUELTA ELECTORAL 22/11/2015,642
0,131.0,AZA. FTE. PARA LA VICTORIA,131,133,SEGUNDA VUELTA ELECTORAL 22/11/2015,642
1,135.0,AZA. CAMBIEMOS,153,133,SEGUNDA VUELTA ELECTORAL 22/11/2015,642
2,,VOTOS NULOS,3,133,SEGUNDA VUELTA ELECTORAL 22/11/2015,642
3,,VOTOS RECURRIDOS,0,133,SEGUNDA VUELTA ELECTORAL 22/11/2015,642
4,,VOTOS EN BLANCO,7,133,SEGUNDA VUELTA ELECTORAL 22/11/2015,642
5,,VOTOS IMPUGNADOS,0,133,SEGUNDA VUELTA ELECTORAL 22/11/2015,642
6,,TOTALES,294,133,SEGUNDA VUELTA ELECTORAL 22/11/2015,642
0,131.0,AZA. FTE. PARA LA VICTORIA,144,134,SEGUNDA VUELTA ELECTORAL 22/11/2015,642
1,135.0,AZA. CAMBIEMOS,160,134,SEGUNDA VUELTA ELECTORAL 22/11/2015,642
2,,VOTOS NULOS,4,134,SEGUNDA VUELTA ELECTORAL 22/11/2015,642
3,,VOTOS RECURRIDOS,0,134,SEGUNDA VUELTA ELECTORAL 22/11/2015,642
4,,VOTOS EN BLANCO,1,134,SEGUNDA VUELTA ELECTORAL 22/11/2015,642
5,,VOTOS IMPUGNADOS,0,134,SEGUNDA VUELTA ELECTORAL 22/11/2015,642
6,,TOTALES,309,134,SEGUNDA VUELTA ELECTORAL 22/11/2015,642
0,131.0,AZA. FTE. PARA LA VICTORIA,167,135,SEGUNDA VUELTA ELECTORAL 22/11/2015,642
1,135.0,AZA. CAMBIEMOS,129,135,SEGUNDA VUELTA ELECTORAL 22/11/2015,642
2,,VOTOS NULOS,8,135,SEGUNDA VUELTA ELECTORAL 22/11/2015,642
3,,VOTOS RECURRIDOS,0,135,SEGUNDA VUELTA ELECTORAL 22/11/2015,642
4,,VOTOS EN BLANCO,0,135,SEGUNDA VUELTA ELECTORAL 22/11/2015,642
5,,VOTOS IMPUGNADOS,0,135,SEGUNDA VUELTA ELECTORAL 22/11/2015,642
6,,TOTALES,304,135,SEGUNDA VUELTA ELECTORAL 22/11/2015,642
0,131.0,AZA. FTE. PARA LA VICTORIA,137,136,SEGUNDA VUELTA ELECTORAL 22/11/2015,642
1,135.0,AZA. CAMBIEMOS,147,136,SEGUNDA VUELTA ELECTORAL 22/11/2015,642
2,,VOTOS NULOS,5,136,SEGUNDA VUELTA ELECTORAL 22/11/2015,642
3,,VOTOS RECURRIDOS,0,136,SEGUNDA VUELTA ELECTORAL 22/11/2015,642
4,,VOTOS EN BLANCO,4,136,SEGUNDA VUELTA ELECTORAL 22/11/2015,642
5,,VOTOS IMPUGNADOS,0,136,SEGUNDA VUELTA ELECTORAL 22/11/2015,642
6,,TOTALES,293,136,SEGUNDA VUELTA ELECTORAL 22/11/2015,642
0,131.0,AZA. FTE. PARA LA VICTORIA,125,137,SEGUNDA VUELTA ELECTORAL 22/11/2015,642
1,135.0,AZA. CAMBIEMOS,172,137,SEGUNDA VUELTA ELECTORAL 22/11/2015,642
2,,VOTOS NULOS,5,137,SEGUNDA VUELTA ELECTORAL 22/11/2015,642
3,,VOTOS RECURRIDOS,0,137,SEGUNDA VUELTA ELECTORAL 22/11/2015,642
4,,VOTOS EN BLANCO,1,137,SEGUNDA VUELTA ELECTORAL 22/11/2015,642
5,,VOTOS IMPUGNADOS,0,137,SEGUNDA VUELTA ELECTORAL 22/11/2015,642
6,,TOTALES,303,137,SEGUNDA VUELTA ELECTORAL 22/11/2015,642
0,131.0,AZA. FTE. PARA LA VICTORIA,148,138,SEGUNDA VUELTA ELECTORAL 22/11/2015,642
1,135.0,AZA. CAMBIEMOS,144,138,SEGUNDA VUELTA ELECTORAL 22/11/2015,642
2,,VOTOS NULOS,0,138,SEGUNDA VUELTA ELECTORAL 22/11/2015,642
3,,VOTOS RECURRIDOS,0,138,SEGUNDA VUELTA ELECTORAL 22/11/2015,642
4,,VOTOS EN BLANCO,4,138,SEGUNDA VUELTA ELECTORAL 22/11/2015,642
5,,VOTOS IMPUGNADOS,0,138,SEGUNDA VUELTA ELECTORAL 22/11/2015,642
6,,TOTALES,296,138,SEGUNDA VUELTA ELECTORAL 22/11/2015,642
0,131.0,AZA. FTE. PARA LA VICTORIA,143,139,SEGUNDA VUELTA ELECTORAL 22/11/2015,642
1,135.0,AZA. CAMBIEMOS,140,139,SEGUNDA VUELTA ELECTORAL 22/11/2015,642
2,,VOTOS NULOS,6,139,SEGUNDA VUELTA ELECTORAL 22/11/2015,642
3,,VOTOS RECURRIDOS,0,139,SEGUNDA VUELTA ELECTORAL 22/11/2015,642
4,,VOTOS EN BLANCO,5,139,SEGUNDA VUELTA ELECTORAL 22/11/2015,642
5,,VOTOS IMPUGNADOS,0,139,SEGUNDA VUELTA ELECTORAL 22/11/2015,642
6,,TOTALES,294,139,SEGUNDA VUELTA ELECTORAL 22/11/2015,642
0,131.0,AZA. FTE. PARA LA VICTORIA,145,140,SEGUNDA VUELTA ELECTORAL 22/11/2015,642
1,135.0,AZA. CAMBIEMOS,157,140,SEGUNDA VUELTA ELECTORAL 22/11/2015,642
2,,VOTOS NULOS,5,140,SEGUNDA VUELTA ELECTORAL 22/11/2015,642
3,,VOTOS RECURRIDOS,0,140,SEGUNDA VUELTA ELECTORAL 22/11/2015,642
4,,VOTOS EN BLANCO,3,140,SEGUNDA VUELTA ELECTORAL 22/11/2015,642
5,,VOTOS IMPUGNADOS,0,140,SEGUNDA VUELTA ELECTORAL 22/11/2015,642
6,,TOTALES,310,140,SEGUNDA VUELTA ELECTORAL 22/11/2015,642
0,131.0,AZA. FTE. PARA LA VICTORIA,153,141,SEGUNDA VUELTA ELECTORAL 22/11/2015,642
1,135.0,AZA. CAMBIEMOS,134,141,SEGUNDA VUELTA ELECTORAL 22/11/2015,642
2,,VOTOS NULOS,7,141,SEGUNDA VUELTA ELECTORAL 22/11/2015,642
3,,VOTOS RECURRIDOS,0,141,SEGUNDA VUELTA ELECTORAL 22/11/2015,642
4,,VOTOS EN BLANCO,4,141,SEGUNDA VUELTA ELECTORAL 22/11/2015,642
5,,VOTOS IMPUGNADOS,0,141,SEGUNDA VUELTA ELECTORAL 22/11/2015,642
6,,TOTALES,298,141,SEGUNDA VUELTA ELECTORAL 22/11/2015,642
0,131.0,AZA. FTE. PARA LA VICTORIA,156,142,SEGUNDA VUELTA ELECTORAL 22/11/2015,642
1,135.0,AZA. CAMBIEMOS,133,142,SEGUNDA VUELTA ELECTORAL 22/11/2015,642
2,,VOTOS NULOS,2,142,SEGUNDA VUELTA ELECTORAL 22/11/2015,642
3,,VOTOS RECURRIDOS,0,142,SEGUNDA VUELTA ELECTORAL 22/11/2015,642
4,,VOTOS EN BLANCO,3,142,SEGUNDA VUELTA ELECTORAL 22/11/2015,642
5,,VOTOS IMPUGNADOS,0,142,SEGUNDA VUELTA ELECTORAL 22/11/2015,642
6,,TOTALES,294,142,SEGUNDA VUELTA ELECTORAL 22/11/2015,642
0,131.0,AZA. FTE. PARA LA VICTORIA,83,143,SEGUNDA VUELTA ELECTORAL 22/11/2015,642
1,135.0,AZA. CAMBIEMOS,86,143,SEGUNDA VUELTA ELECTORAL 22/11/2015,642
2,,VOTOS NULOS,4,143,SEGUNDA VUELTA ELECTORAL 22/11/2015,642
3,,VOTOS RECURRIDOS,0,143,SEGUNDA VUELTA ELECTORAL 22/11/2015,642
4,,VOTOS EN BLANCO,0,143,SEGUNDA VUELTA ELECTORAL 22/11/2015,642
5,,VOTOS IMPUGNADOS,0,143,SEGUNDA VUELTA ELECTORAL 22/11/2015,642
6,,TOTALES,173,143,SEGUNDA VUELTA ELECTORAL 22/11/2015,642
0,131.0,AZA. FTE. PARA LA VICTORIA,166,144,SEGUNDA VUELTA ELECTORAL 22/11/2015,643
1,135.0,AZA. CAMBIEMOS,127,144,SEGUNDA VUELTA ELECTORAL 22/11/2015,643
2,,VOTOS NULOS,0,144,SEGUNDA VUELTA ELECTORAL 22/11/2015,643
3,,VOTOS RECURRIDOS,0,144,SEGUNDA VUELTA ELECTORAL 22/11/2015,643
4,,VOTOS EN BLANCO,0,144,SEGUNDA VUELTA ELECTORAL 22/11/2015,643
5,,VOTOS IMPUGNADOS,0,144,SEGUNDA VUELTA ELECTORAL 22/11/2015,643
6,,TOTALES,293,144,SEGUNDA VUELTA ELECTORAL 22/11/2015,643
0,131.0,AZA. FTE. PARA LA VICTORIA,159,145,SEGUNDA VUELTA ELECTORAL 22/11/2015,643
1,135.0,AZA. CAMBIEMOS,119,145,SEGUNDA VUELTA ELECTORAL 22/11/2015,643
2,,VOTOS NULOS,0,145,SEGUNDA VUELTA ELECTORAL 22/11/2015,643
3,,VOTOS RECURRIDOS,0,145,SEGUNDA VUELTA ELECTORAL 22/11/2015,643
4,,VOTOS EN BLANCO,7,145,SEGUNDA VUELTA ELECTORAL 22/11/2015,643
5,,VOTOS IMPUGNADOS,0,145,SEGUNDA VUELTA ELECTORAL 22/11/2015,643
6,,TOTALES,285,145,SEGUNDA VUELTA ELECTORAL 22/11/2015,643
0,131.0,AZA. FTE. PARA LA VICTORIA,195,146,SEGUNDA VUELTA ELECTORAL 22/11/2015,643
1,135.0,AZA. CAMBIEMOS,105,146,SEGUNDA VUELTA ELECTORAL 22/11/2015,643
2,,VOTOS NULOS,1,146,SEGUNDA VUELTA ELECTORAL 22/11/2015,643
3,,VOTOS RECURRIDOS,0,146,SEGUNDA VUELTA ELECTORAL 22/11/2015,643
4,,VOTOS EN BLANCO,1,146,SEGUNDA VUELTA ELECTORAL 22/11/2015,643
5,,VOTOS IMPUGNADOS,0,146,SEGUNDA VUELTA ELECTORAL 22/11/2015,643
6,,TOTALES,302,146,SEGUNDA VUELTA ELECTORAL 22/11/2015,643
0,131.0,AZA. FTE. PARA LA VICTORIA,162,147,SEGUNDA VUELTA ELECTORAL 22/11/2015,643
1,135.0,AZA. CAMBIEMOS,113,147,SEGUNDA VUELTA ELECTORAL 22/11/2015,643
2,,VOTOS NULOS,0,147,SEGUNDA VUELTA ELECTORAL 22/11/2015,643
3,,VOTOS RECURRIDOS,0,147,SEGUNDA VUELTA ELECTORAL 22/11/2015,643
4,,VOTOS EN BLANCO,6,147,SEGUNDA VUELTA ELECTORAL 22/11/2015,643
5,,VOTOS IMPUGNADOS,0,147,SEGUNDA VUELTA ELECTORAL 22/11/2015,643
6,,TOTALES,281,147,SEGUNDA VUELTA ELECTORAL 22/11/2015,643
0,131.0,AZA. FTE. PARA LA VICTORIA,100,148,SEGUNDA VUELTA ELECTORAL 22/11/2015,643
1,135.0,AZA. CAMBIEMOS,79,148,SEGUNDA VUELTA ELECTORAL 22/11/2015,643
2,,VOTOS NULOS,0,148,SEGUNDA VUELTA ELECTORAL 22/11/2015,643
3,,VOTOS RECURRIDOS,0,148,SEGUNDA VUELTA ELECTORAL 22/11/2015,643
4,,VOTOS EN BLANCO,7,148,SEGUNDA VUELTA ELECTORAL 22/11/2015,643
5,,VOTOS IMPUGNADOS,0,148,SEGUNDA VUELTA ELECTORAL 22/11/2015,643
6,,TOTALES,186,148,SEGUNDA VUELTA ELECTORAL 22/11/2015,643
0,131.0,AZA. FTE. PARA LA VICTORIA,120,149,SEGUNDA VUELTA ELECTORAL 22/11/2015,644
1,135.0,AZA. CAMBIEMOS,139,149,SEGUNDA VUELTA ELECTORAL 22/11/2015,644
2,,VOTOS NULOS,0,149,SEGUNDA VUELTA ELECTORAL 22/11/2015,644
3,,VOTOS RECURRIDOS,0,149,SEGUNDA VUELTA ELECTORAL 22/11/2015,644
4,,VOTOS EN BLANCO,0,149,SEGUNDA VUELTA ELECTORAL 22/11/2015,644
5,,VOTOS IMPUGNADOS,3,149,SEGUNDA VUELTA ELECTORAL 22/11/2015,644
6,,TOTALES,262,149,SEGUNDA VUELTA ELECTORAL 22/11/2015,644
0,131.0,AZA. FTE. PARA LA VICTORIA,117,150,SEGUNDA VUELTA ELECTORAL 22/11/2015,644
1,135.0,AZA. CAMBIEMOS,148,150,SEGUNDA VUELTA ELECTORAL 22/11/2015,644
2,,VOTOS NULOS,4,150,SEGUNDA VUELTA ELECTORAL 22/11/2015,644
3,,VOTOS RECURRIDOS,0,150,SEGUNDA VUELTA ELECTORAL 22/11/2015,644
4,,VOTOS EN BLANCO,1,150,SEGUNDA VUELTA ELECTORAL 22/11/2015,644
5,,VOTOS IMPUGNADOS,0,150,SEGUNDA VUELTA ELECTORAL 22/11/2015,644
6,,TOTALES,270,150,SEGUNDA VUELTA ELECTORAL 22/11/2015,644
0,131.0,AZA. FTE. PARA LA VICTORIA,67,151,SEGUNDA VUELTA ELECTORAL 22/11/2015,644
1,135.0,AZA. CAMBIEMOS,143,151,SEGUNDA VUELTA ELECTORAL 22/11/2015,644
2,,VOTOS NULOS,2,151,SEGUNDA VUELTA ELECTORAL 22/11/2015,644
3,,VOTOS RECURRIDOS,0,151,SEGUNDA VUELTA ELECTORAL 22/11/2015,644
4,,VOTOS EN BLANCO,0,151,SEGUNDA VUELTA ELECTORAL 22/11/2015,644
5,,VOTOS IMPUGNADOS,0,151,SEGUNDA VUELTA ELECTORAL 22/11/2015,644
6,,TOTALES,212,151,SEGUNDA VUELTA ELECTORAL 22/11/2015,644
0,131.0,AZA. FTE. PARA LA VICTORIA,82,152,SEGUNDA VUELTA ELECTORAL 22/11/2015,645
1,135.0,AZA. CAMBIEMOS,86,152,SEGUNDA VUELTA ELECTORAL 22/11/2015,645
2,,VOTOS NULOS,2,152,SEGUNDA VUELTA ELECTORAL 22/11/2015,645
3,,VOTOS RECURRIDOS,0,152,SEGUNDA VUELTA ELECTORAL 22/11/2015,645
4,,VOTOS EN BLANCO,3,152,SEGUNDA VUELTA ELECTORAL 22/11/2015,645
5,,VOTOS IMPUGNADOS,0,152,SEGUNDA VUELTA ELECTORAL 22/11/2015,645
6,,TOTALES,173,152,SEGUNDA VUELTA ELECTORAL 22/11/2015,645
0,131.0,AZA. FTE. PARA LA VICTORIA,51,153,SEGUNDA VUELTA ELECTORAL 22/11/2015,646
1,135.0,AZA. CAMBIEMOS,72,153,SEGUNDA VUELTA ELECTORAL 22/11/2015,646
2,,VOTOS NULOS,0,153,SEGUNDA VUELTA ELECTORAL 22/11/2015,646
3,,VOTOS RECURRIDOS,0,153,SEGUNDA VUELTA ELECTORAL 22/11/2015,646
4,,VOTOS EN BLANCO,0,153,SEGUNDA VUELTA ELECTORAL 22/11/2015,646
5,,VOTOS IMPUGNADOS,0,153,SEGUNDA VUELTA ELECTORAL 22/11/2015,646
6,,TOTALES,123,153,SEGUNDA VUELTA ELECTORAL 22/11/2015,646
0,131.0,AZA. FTE. PARA LA VICTORIA,60,154,SEGUNDA VUELTA ELECTORAL 22/11/2015,646
1,135.0,AZA. CAMBIEMOS,75,154,SEGUNDA VUELTA ELECTORAL 22/11/2015,646
2,,VOTOS NULOS,2,154,SEGUNDA VUELTA ELECTORAL 22/11/2015,646
3,,VOTOS RECURRIDOS,0,154,SEGUNDA VUELTA ELECTORAL 22/11/2015,646
4,,VOTOS EN BLANCO,1,154,SEGUNDA VUELTA ELECTORAL 22/11/2015,646
5,,VOTOS IMPUGNADOS,0,154,SEGUNDA VUELTA ELECTORAL 22/11/2015,646
6,,TOTALES,138,154,SEGUNDA VUELTA ELECTORAL 22/11/2015,646
0,131.0,AZA. FTE. PARA LA VICTORIA,59,155,SEGUNDA VUELTA ELECTORAL 22/11/2015,647
1,135.0,AZA. CAMBIEMOS,78,155,SEGUNDA VUELTA ELECTORAL 22/11/2015,647
2,,VOTOS NULOS,4,155,SEGUNDA VUELTA ELECTORAL 22/11/2015,647
3,,VOTOS RECURRIDOS,0,155,SEGUNDA VUELTA ELECTORAL 22/11/2015,647
4,,VOTOS EN BLANCO,1,155,SEGUNDA VUELTA ELECTORAL 22/11/2015,647
5,,VOTOS IMPUGNADOS,0,155,SEGUNDA VUELTA ELECTORAL 22/11/2015,647
6,,TOTALES,142,155,SEGUNDA VUELTA ELECTORAL 22/11/2015,647
0,131.0,AZA. FTE. PARA LA VICTORIA,92,156,SEGUNDA VUELTA ELECTORAL 22/11/2015,648
1,135.0,AZA. CAMBIEMOS,90,156,SEGUNDA VUELTA ELECTORAL 22/11/2015,648
2,,VOTOS NULOS,2,156,SEGUNDA VUELTA ELECTORAL 22/11/2015,648
3,,VOTOS RECURRIDOS,0,156,SEGUNDA VUELTA ELECTORAL 22/11/2015,648
4,,VOTOS EN BLANCO,1,156,SEGUNDA VUELTA ELECTORAL 22/11/2015,648
5,,VOTOS IMPUGNADOS,0,156,SEGUNDA VUELTA ELECTORAL 22/11/2015,648
6,,TOTALES,185,156,SEGUNDA VUELTA ELECTORAL 22/11/2015,648
